riskScore,failedLoginCount,contentLength,headerCount,hasAuthHeader,isLocalIP,isPrivateIP,requestFrequency,isAuthEndpoint,isSensitiveEndpoint,label
6,0,670,13,0,1,1,7,1,0,0
3,1,710,10,1,1,1,3,1,0,0
12,1,342,11,1,0,0,2,0,0,0
14,0,660,15,1,1,1,4,1,0,0
10,0,1059,9,1,1,0,3,0,0,0
7,0,131,9,1,0,0,7,1,0,0
12,1,490,10,0,0,1,8,0,0,0
4,0,376,10,1,1,1,6,1,0,0
6,0,631,10,1,1,1,3,0,0,0
9,1,482,12,0,0,0,6,0,0,0
2,0,1191,12,0,0,1,2,1,0,0
6,0,983,13,0,1,0,7,0,0,0
10,0,313,12,1,1,1,7,1,0,0
10,1,475,14,1,1,1,4,1,0,0
7,1,843,14,1,0,0,8,0,0,0
4,1,312,8,1,1,0,4,0,0,0
3,1,178,15,1,0,1,7,1,0,0
7,1,727,13,1,0,1,4,1,0,0
7,1,703,15,0,0,1,5,1,0,0
2,1,881,9,0,1,1,7,0,0,0
5,0,1100,11,1,1,1,3,1,0,0
4,0,779,8,1,1,0,5,0,0,0
1,1,157,9,1,0,0,3,0,0,0
7,0,1149,9,1,1,0,5,1,0,0
11,0,980,13,1,0,0,3,1,0,0
13,1,546,10,0,0,1,7,0,0,0
5,0,165,10,0,0,0,1,0,0,0
1,0,1167,15,1,0,0,9,0,0,0
11,0,1111,8,0,0,0,9,0,0,0
4,0,326,10,1,0,1,5,1,0,0
0,0,873,9,1,1,0,9,0,0,0
11,1,778,10,1,0,1,6,1,0,0
9,1,700,12,0,1,0,5,1,0,0
5,1,478,10,0,0,1,3,1,0,0
12,0,808,9,1,1,0,8,0,0,0
11,1,406,15,0,1,1,4,0,0,0
8,0,878,13,0,1,0,3,1,0,0
0,0,603,8,1,1,1,6,1,0,0
10,0,367,11,0,0,1,8,1,0,0
10,0,107,10,0,0,0,9,1,0,0
14,1,607,14,1,0,1,6,0,0,0
9,1,575,14,1,0,1,5,1,0,0
11,0,263,15,0,1,0,2,0,0,0
11,1,584,9,1,1,0,2,0,0,0
14,0,1195,11,0,1,1,9,0,0,0
13,1,666,11,1,0,0,2,0,0,0
13,1,1004,12,1,1,0,2,1,0,0
14,0,658,11,1,0,0,3,0,0,0
13,1,337,14,1,1,1,3,1,0,0
2,0,653,13,0,1,1,4,0,0,0
11,1,927,9,1,1,1,7,1,0,0
6,0,567,9,1,1,1,9,1,0,0
3,0,485,10,1,1,1,2,1,0,0
8,1,874,10,0,0,1,4,1,0,0
2,1,947,10,0,1,1,9,1,0,0
4,0,486,14,1,0,0,2,0,0,0
2,1,976,14,1,0,1,1,1,0,0
6,1,358,15,1,0,1,8,0,0,0
4,0,382,14,1,0,0,9,1,0,0
8,0,139,14,1,0,0,7,0,0,0
6,1,585,14,1,0,0,8,0,0,0
1,0,1028,14,0,0,1,4,0,0,0
3,0,319,13,1,0,0,4,1,0,0
8,0,1114,14,1,1,1,2,0,0,0
11,1,1123,15,1,1,1,8,1,0,0
13,1,712,11,1,0,1,2,1,0,0
1,0,1027,11,1,0,0,9,0,0,0
9,1,787,12,1,0,0,4,0,0,0
8,0,712,13,0,1,1,1,1,0,0
9,1,359,10,0,1,1,4,1,0,0
4,0,1089,8,0,0,1,3,1,0,0
1,0,1065,14,0,0,0,6,1,0,0
3,1,465,12,0,1,1,7,1,0,0
11,0,643,8,0,1,0,8,1,0,0
14,1,748,15,1,0,1,2,0,0,0
11,1,913,11,1,0,0,6,1,0,0
6,0,1139,12,1,0,1,6,1,0,0
11,0,674,15,1,0,0,5,0,0,0
12,1,1112,12,1,1,0,7,0,0,0
7,0,769,9,1,1,0,3,0,0,0
14,0,368,15,0,0,0,4,1,0,0
2,0,1023,11,1,0,0,9,0,0,0
13,0,346,11,0,0,0,4,0,0,0
0,0,230,13,0,1,1,3,1,0,0
3,1,452,12,1,0,1,2,1,0,0
1,1,295,14,1,0,1,5,1,0,0
7,0,1029,11,1,0,1,4,1,0,0
3,0,1121,12,1,1,0,8,0,0,0
1,0,744,13,1,0,1,7,1,0,0
13,1,326,14,1,1,0,6,0,0,0
5,0,800,15,1,0,0,2,1,0,0
5,1,364,13,0,0,0,3,0,0,0
9,1,745,9,1,0,1,9,1,0,0
3,1,310,14,1,1,0,9,1,0,0
5,0,1042,12,0,0,1,5,1,0,0
12,1,556,11,1,0,1,3,0,0,0
14,0,824,11,1,1,1,2,0,0,0
1,1,1081,12,0,1,1,8,0,0,0
9,0,687,12,1,1,1,6,1,0,0
11,1,575,12,1,0,0,7,0,0,0
1,0,1085,10,1,1,0,1,1,0,0
9,1,255,14,1,0,1,1,1,0,0
13,0,289,11,1,1,0,2,1,0,0
3,0,1080,14,1,1,1,3,0,0,0
13,0,645,13,0,1,0,1,1,0,0
14,0,140,11,1,0,0,5,0,0,0
14,1,406,10,1,0,0,3,1,0,0
7,1,1042,12,0,0,0,1,1,0,0
13,0,437,9,0,0,0,8,1,0,0
6,1,1198,12,1,0,0,6,0,0,0
11,0,1052,15,0,0,0,9,0,0,0
8,0,378,12,1,0,0,3,1,0,0
13,1,995,10,1,0,0,9,0,0,0
7,0,372,14,0,0,0,9,0,0,0
4,0,936,11,1,1,0,1,1,0,0
12,1,719,12,1,1,0,3,1,0,0
1,0,961,11,0,0,0,6,0,0,0
14,0,1030,8,0,0,1,8,1,0,0
4,0,388,13,0,0,0,4,1,0,0
7,0,823,14,0,0,0,5,0,0,0
9,1,992,11,1,1,0,9,0,0,0
8,1,371,9,0,1,0,6,1,0,0
11,1,1189,13,0,0,0,7,0,0,0
11,0,582,15,0,1,0,7,0,0,0
11,0,1035,15,0,1,1,4,1,0,0
12,1,347,9,0,0,1,4,1,0,0
8,0,255,12,1,0,1,4,1,0,0
12,0,1170,13,0,0,0,5,1,0,0
14,0,553,11,1,0,0,5,0,0,0
12,0,300,13,0,1,0,8,0,0,0
0,1,223,12,0,0,1,9,1,0,0
8,1,100,10,0,1,0,2,1,0,0
6,1,1067,14,0,0,0,7,1,0,0
8,0,954,9,0,1,1,1,1,0,0
7,1,739,12,0,0,1,1,0,0,0
0,1,290,10,0,0,0,4,0,0,0
11,0,615,13,0,1,0,7,1,0,0
7,0,541,13,1,1,0,2,1,0,0
7,1,242,12,0,1,0,2,0,0,0
14,1,632,11,1,0,1,1,0,0,0
10,1,326,13,0,1,0,2,0,0,0
2,1,1048,11,1,1,0,7,0,0,0
0,0,559,11,0,1,1,9,1,0,0
7,1,650,14,0,1,0,6,0,0,0
2,1,492,11,0,1,0,2,0,0,0
2,0,944,8,1,1,1,9,0,0,0
0,1,309,14,1,1,1,7,1,0,0
10,0,745,10,1,1,0,1,1,0,0
4,0,318,10,1,1,1,9,0,0,0
9,0,506,13,0,0,1,2,0,0,0
6,1,987,13,0,0,0,4,1,0,0
9,1,657,11,0,1,1,9,1,0,0
8,0,649,14,1,0,0,4,0,0,0
11,1,241,14,0,0,0,3,1,0,0
6,1,711,8,1,1,0,1,0,0,0
8,0,600,11,1,1,0,7,1,0,0
7,0,939,8,1,1,1,6,0,0,0
11,1,801,15,1,1,0,4,0,0,0
1,0,695,11,1,1,0,6,1,0,0
0,1,380,9,0,1,0,6,0,0,0
6,1,523,9,1,0,0,4,1,0,0
6,1,955,12,1,1,1,6,1,0,0
13,1,369,11,0,0,1,8,1,0,0
7,0,253,14,1,1,1,3,0,0,0
4,0,713,13,1,1,0,4,0,0,0
2,0,761,10,0,0,1,1,0,0,0
11,0,182,12,0,1,1,4,1,0,0
7,1,1046,13,0,1,0,9,0,0,0
5,1,998,9,1,0,1,8,0,0,0
10,0,383,11,0,1,0,4,0,0,0
2,1,1079,12,0,0,1,7,0,0,0
0,1,272,11,0,1,1,3,1,0,0
2,1,1186,9,1,1,1,9,0,0,0
4,0,1196,12,0,0,1,4,1,0,0
14,0,862,9,1,1,0,2,1,0,0
13,0,732,8,1,0,0,5,1,0,0
2,1,886,9,0,0,1,2,1,0,0
0,0,1042,14,1,0,0,6,0,0,0
4,0,1111,14,1,1,1,1,0,0,0
9,0,497,11,0,1,1,6,0,0,0
6,0,1033,10,1,0,1,4,1,0,0
14,0,775,9,0,1,1,3,0,0,0
13,0,1035,13,1,1,1,2,1,0,0
6,1,564,14,1,1,1,7,0,0,0
10,1,385,15,0,0,0,9,0,0,0
8,0,364,10,0,1,0,3,0,0,0
14,0,419,8,1,0,1,6,1,0,0
14,1,772,12,1,1,0,9,0,0,0
9,1,919,12,0,1,1,2,1,0,0
9,0,188,14,1,0,0,7,1,0,0
11,0,920,10,1,1,0,5,1,0,0
12,0,1100,14,1,0,0,5,0,0,0
2,0,433,12,1,1,1,7,0,0,0
14,1,321,15,0,0,0,9,1,0,0
6,0,140,9,0,1,1,4,1,0,0
0,0,167,10,0,1,1,9,1,0,0
3,0,1087,11,0,1,1,9,1,0,0
12,0,613,9,0,0,0,4,1,0,0
3,1,794,9,0,0,0,3,0,0,0
13,1,1139,9,1,0,0,2,0,0,0
4,1,576,11,0,1,1,9,0,0,0
6,0,1185,15,1,0,1,2,1,0,0
6,0,980,8,1,0,0,6,1,0,0
12,1,531,15,1,0,1,5,0,0,0
14,0,367,15,0,0,0,5,0,0,0
10,0,1158,15,1,0,0,4,1,0,0
12,1,878,13,0,0,0,6,1,0,0
3,1,593,14,1,0,0,5,1,0,0
12,1,760,12,1,0,1,4,0,0,0
6,1,1112,14,0,0,0,9,1,0,0
10,0,1158,10,1,0,0,6,1,0,0
2,0,1076,15,1,1,0,3,1,0,0
5,1,581,8,1,1,0,6,0,0,0
11,0,827,10,1,0,0,1,1,0,0
1,1,579,14,0,1,0,5,0,0,0
9,1,1188,12,1,1,0,6,1,0,0
12,0,1131,11,1,0,1,8,1,0,0
13,1,442,14,0,0,1,9,0,0,0
8,0,431,9,1,0,1,3,1,0,0
4,0,537,14,1,1,1,2,0,0,0
5,0,273,9,1,0,0,4,1,0,0
11,0,658,11,1,1,1,8,0,0,0
11,1,626,14,0,0,1,8,1,0,0
11,0,758,8,1,1,1,3,0,0,0
11,1,125,8,0,1,0,4,0,0,0
3,1,919,10,1,0,1,3,1,0,0
13,1,704,11,1,0,1,2,0,0,0
13,1,505,15,1,1,0,4,1,0,0
10,0,331,8,0,1,1,6,0,0,0
9,0,632,14,1,0,0,5,1,0,0
6,1,604,11,1,0,1,3,1,0,0
11,1,278,12,0,1,0,2,1,0,0
8,0,231,9,0,0,1,9,1,0,0
6,1,447,14,0,1,1,1,0,0,0
13,0,639,9,0,0,1,9,1,0,0
0,1,871,9,1,0,0,1,1,0,0
0,0,175,15,1,0,1,7,1,0,0
8,1,678,11,1,1,0,6,1,0,0
10,1,953,11,1,0,0,7,1,0,0
13,0,293,10,0,1,0,3,0,0,0
8,1,446,9,1,0,0,3,1,0,0
3,1,1050,10,1,1,1,1,0,0,0
12,0,313,15,1,1,1,4,0,0,0
8,1,672,9,1,0,1,2,1,0,0
2,0,879,10,0,1,0,8,1,0,0
6,0,361,10,1,1,1,3,0,0,0
5,1,829,12,1,1,0,7,0,0,0
7,1,382,10,1,1,0,7,0,0,0
10,1,461,11,0,0,0,9,1,0,0
8,1,540,10,0,0,1,6,0,0,0
13,1,192,9,1,0,1,1,0,0,0
4,1,852,10,1,1,0,8,1,0,0
0,1,966,8,1,1,1,1,0,0,0
2,0,241,13,0,0,1,3,1,0,0
9,1,848,9,1,0,0,5,0,0,0
11,0,752,8,1,1,0,8,1,0,0
7,1,800,15,1,0,1,9,0,0,0
14,1,1097,9,0,0,0,7,1,0,0
10,0,148,11,1,1,0,9,1,0,0
5,1,980,13,1,0,1,3,0,0,0
7,1,654,13,0,1,1,5,1,0,0
8,0,503,11,0,0,0,8,0,0,0
3,1,991,13,1,1,1,1,1,0,0
0,1,964,11,0,1,0,8,1,0,0
13,1,701,8,1,1,0,7,1,0,0
0,0,440,15,0,1,1,1,1,0,0
9,1,803,12,0,1,0,6,1,0,0
3,1,417,9,1,0,0,1,1,0,0
11,1,717,11,1,0,0,2,1,0,0
13,1,481,9,1,0,1,5,0,0,0
6,0,332,15,0,1,1,2,0,0,0
1,0,916,8,1,0,1,1,1,0,0
2,1,652,12,1,1,0,6,1,0,0
0,1,955,15,1,1,0,8,1,0,0
4,0,918,8,1,0,1,8,0,0,0
0,0,282,13,1,1,1,8,1,0,0
7,1,1164,9,0,0,1,6,0,0,0
0,0,496,14,1,1,0,3,1,0,0
10,1,878,12,1,1,1,1,1,0,0
0,0,1006,13,0,0,0,2,1,0,0
1,0,226,15,1,1,1,5,1,0,0
1,0,100,12,1,0,0,5,1,0,0
11,0,118,13,1,1,0,1,0,0,0
5,1,683,8,1,0,1,1,1,0,0
6,0,555,11,1,1,0,9,0,0,0
4,0,1056,9,0,0,1,2,0,0,0
0,1,544,10,0,0,0,7,1,0,0
0,0,701,10,0,1,0,4,1,0,0
2,0,202,8,1,0,1,7,1,0,0
13,1,1087,15,0,1,0,8,0,0,0
1,0,619,9,1,1,1,5,0,0,0
4,1,958,15,1,0,1,1,0,0,0
11,1,273,9,1,0,1,4,1,0,0
9,1,1104,8,0,0,0,3,0,0,0
5,1,530,9,0,0,0,5,0,0,0
6,0,826,11,0,0,0,6,0,0,0
3,1,949,15,1,1,1,2,1,0,0
6,0,1089,8,0,0,1,7,0,0,0
10,0,738,11,1,1,0,3,0,0,0
7,0,519,9,0,0,0,1,1,0,0
10,0,693,8,0,0,1,3,1,0,0
0,0,584,9,1,0,0,9,1,0,0
14,0,511,15,1,1,1,6,0,0,0
5,0,1035,8,0,0,0,6,0,0,0
7,0,431,9,0,1,1,4,0,0,0
4,0,754,15,0,1,0,8,1,0,0
3,0,140,11,1,1,0,5,0,0,0
1,1,1058,14,1,0,1,7,1,0,0
5,1,204,11,0,1,1,9,1,0,0
5,1,301,9,0,0,1,5,0,0,0
10,0,549,8,1,1,0,5,0,0,0
14,1,1009,10,0,0,1,4,0,0,0
0,1,309,11,1,1,1,6,1,0,0
8,1,662,11,1,0,0,2,1,0,0
11,0,812,15,1,0,1,3,0,0,0
10,0,870,13,1,0,1,1,1,0,0
5,0,553,10,1,1,1,2,0,0,0
12,0,766,9,1,1,0,2,0,0,0
2,1,728,14,0,0,0,8,0,0,0
3,1,486,8,1,1,0,8,1,0,0
11,1,395,13,1,1,1,2,1,0,0
10,1,357,9,0,1,0,6,0,0,0
3,0,367,12,1,1,1,5,0,0,0
2,0,518,14,0,1,1,3,1,0,0
9,0,334,11,1,1,1,5,0,0,0
2,1,1085,12,0,1,0,5,1,0,0
14,0,673,11,0,0,0,5,0,0,0
2,0,148,11,1,0,1,3,1,0,0
3,1,322,12,1,1,1,3,0,0,0
6,1,1020,14,1,0,0,4,1,0,0
3,0,376,15,1,0,0,7,0,0,0
8,0,519,12,0,0,0,2,1,0,0
0,0,710,9,0,1,1,4,1,0,0
7,0,474,13,0,1,0,4,1,0,0
6,0,172,13,1,1,0,1,1,0,0
1,0,1153,12,0,1,0,8,0,0,0
7,1,294,9,1,1,1,1,1,0,0
0,1,946,15,1,0,0,8,1,0,0
10,1,1164,13,0,1,1,7,0,0,0
11,0,1186,9,1,0,1,9,1,0,0
8,1,122,15,0,1,1,8,0,0,0
8,0,459,9,1,0,0,5,1,0,0
1,0,1198,11,0,1,0,8,1,0,0
6,1,659,13,1,1,0,3,1,0,0
14,0,771,15,0,1,1,7,1,0,0
13,0,778,13,0,1,0,4,1,0,0
9,1,539,11,1,1,1,5,1,0,0
2,1,1032,12,1,1,0,9,0,0,0
6,1,106,11,0,0,0,7,0,0,0
11,0,520,13,1,1,0,4,1,0,0
9,1,932,13,1,0,0,6,1,0,0
8,1,658,14,1,1,1,7,0,0,0
3,0,1013,15,0,0,1,9,0,0,0
11,1,1106,12,0,0,1,4,1,0,0
0,1,225,11,1,0,1,3,1,0,0
1,1,494,15,1,0,0,8,1,0,0
0,0,916,8,0,0,1,1,1,0,0
13,0,980,15,1,0,1,9,1,0,0
11,0,675,8,0,1,1,1,1,0,0
4,0,424,12,1,0,0,2,0,0,0
4,1,1029,11,1,1,1,8,1,0,0
10,0,932,11,1,1,1,9,1,0,0
6,0,1154,9,0,0,0,7,0,0,0
8,1,936,13,0,0,0,3,0,0,0
8,1,1025,10,0,1,1,7,0,0,0
2,1,542,14,0,0,1,6,0,0,0
2,0,174,15,1,0,0,2,1,0,0
2,0,656,12,1,0,1,3,0,0,0
3,0,462,10,0,0,0,5,0,0,0
7,1,547,15,1,0,1,4,1,0,0
5,1,361,10,1,0,1,2,0,0,0
7,0,224,12,0,0,1,4,0,0,0
0,1,1010,11,1,1,1,8,1,0,0
7,1,344,12,1,0,1,5,1,0,0
3,1,641,15,0,1,0,5,1,0,0
10,0,584,10,1,1,0,3,1,0,0
0,1,221,13,1,1,1,8,1,0,0
7,1,224,14,1,1,1,6,1,0,0
3,0,269,14,0,0,1,2,1,0,0
5,0,223,13,0,1,0,2,0,0,0
7,1,1158,13,1,1,0,9,0,0,0
3,1,745,11,1,1,0,7,1,0,0
13,0,885,15,1,1,0,9,0,0,0
2,0,300,8,0,1,0,6,1,0,0
13,1,468,12,0,0,0,5,0,0,0
8,1,896,14,0,0,0,1,1,0,0
2,1,176,13,1,1,0,6,0,0,0
8,1,158,12,1,0,1,6,1,0,0
12,0,530,14,1,0,0,3,0,0,0
1,1,737,13,1,1,0,3,1,0,0
13,1,208,15,1,1,0,3,0,0,0
1,0,1107,14,0,1,0,3,0,0,0
1,1,167,11,1,0,1,7,1,0,0
5,0,1192,8,1,1,0,2,0,0,0
2,1,404,8,1,0,1,2,0,0,0
12,1,773,13,0,0,1,3,0,0,0
8,0,464,14,1,0,1,7,0,0,0
3,0,920,11,0,1,0,3,0,0,0
0,1,442,9,0,0,0,7,1,0,0
3,1,1046,12,0,1,0,9,1,0,0
0,1,998,12,0,1,1,4,0,0,0
13,0,861,10,0,1,1,7,1,0,0
4,1,440,11,1,1,1,9,0,0,0
3,0,1041,14,1,1,1,8,1,0,0
7,0,482,15,0,0,0,8,0,0,0
7,1,1103,15,0,0,0,9,0,0,0
6,0,399,10,0,0,0,5,0,0,0
2,1,238,13,1,0,1,5,0,0,0
0,1,458,14,1,0,1,3,1,0,0
0,1,935,10,0,1,0,5,1,0,0
11,1,582,8,1,1,0,8,1,0,0
10,1,1008,12,1,0,1,5,0,0,0
2,0,965,14,0,0,0,4,1,0,0
5,0,238,10,0,0,0,8,1,0,0
6,1,1095,8,1,1,1,7,0,0,0
5,1,534,11,1,1,1,6,0,0,0
13,0,608,10,1,1,1,5,0,0,0
13,0,372,13,0,0,0,5,1,0,0
5,0,203,13,0,0,1,2,1,0,0
5,0,861,13,0,0,0,4,0,0,0
12,1,886,14,1,0,0,8,1,0,0
2,1,264,15,1,1,1,8,0,0,0
5,0,1098,15,0,0,0,1,1,0,0
7,1,619,12,1,0,1,2,0,0,0
10,0,616,10,0,0,1,5,1,0,0
10,1,756,11,1,1,0,9,1,0,0
1,0,712,10,0,1,0,7,1,0,0
4,1,263,12,1,0,1,5,0,0,0
13,0,163,8,1,1,1,1,0,0,0
0,0,366,12,0,1,1,6,0,0,0
11,1,345,13,0,1,1,8,1,0,0
14,0,494,14,0,1,1,7,0,0,0
0,1,575,8,0,1,1,2,1,0,0
4,1,1076,14,0,0,0,5,0,0,0
11,0,1143,13,1,0,0,4,0,0,0
12,1,657,9,0,0,0,9,1,0,0
2,1,1117,12,0,1,0,1,1,0,0
3,1,982,12,0,1,1,6,0,0,0
2,1,246,11,0,1,0,3,0,0,0
0,1,765,10,0,1,0,9,1,0,0
0,0,719,8,1,0,1,5,1,0,0
11,1,919,15,0,0,0,6,0,0,0
11,1,963,14,0,0,1,9,1,0,0
13,1,681,8,0,0,1,9,0,0,0
12,1,1122,11,1,0,1,8,0,0,0
13,1,794,11,1,0,1,9,0,0,0
4,0,506,14,0,1,1,4,1,0,0
5,1,498,15,0,1,0,6,0,0,0
2,0,814,10,1,0,0,5,0,0,0
11,0,803,14,1,1,0,5,1,0,0
8,0,860,14,1,0,1,4,1,0,0
4,0,598,13,0,0,0,2,1,0,0
7,1,1073,15,0,1,0,6,0,0,0
12,0,181,10,1,0,0,9,1,0,0
0,0,703,12,0,0,0,1,1,0,0
13,1,871,13,1,0,1,7,0,0,0
4,1,1002,9,1,1,0,6,0,0,0
14,1,464,15,1,1,1,3,0,0,0
2,0,262,10,0,1,1,1,0,0,0
11,1,1171,11,1,1,0,4,1,0,0
0,1,610,13,1,0,1,9,0,0,0
3,0,215,10,0,1,1,2,1,0,0
14,1,1040,8,1,1,1,3,0,0,0
12,1,436,14,0,1,1,2,0,0,0
4,1,980,9,1,0,1,2,1,0,0
6,1,836,12,0,1,1,8,1,0,0
0,0,939,14,1,1,1,3,1,0,0
2,1,246,8,1,0,0,7,0,0,0
1,1,542,8,1,0,0,8,0,0,0
8,0,936,9,1,0,1,3,1,0,0
9,1,1136,12,1,0,1,2,1,0,0
14,0,1042,11,0,1,0,8,0,0,0
5,1,386,13,0,0,0,3,1,0,0
9,0,819,15,1,1,0,7,1,0,0
2,0,579,12,1,1,0,1,0,0,0
7,0,121,15,1,1,1,6,1,0,0
13,0,782,10,0,1,1,9,0,0,0
7,1,1005,8,0,1,0,3,0,0,0
1,0,419,10,1,0,0,7,0,0,0
14,1,225,11,0,1,0,6,1,0,0
5,0,376,10,1,1,0,8,1,0,0
6,0,293,12,1,1,1,3,1,0,0
1,0,795,10,1,0,0,3,1,0,0
14,1,156,11,0,1,0,4,0,0,0
10,0,118,11,1,1,0,3,0,0,0
9,1,363,11,1,0,1,9,1,0,0
1,1,893,12,1,1,1,4,1,0,0
9,1,212,11,0,1,1,6,1,0,0
0,1,641,8,0,0,0,8,1,0,0
7,1,746,14,0,1,0,8,0,0,0
0,1,678,11,1,1,0,5,1,0,0
8,1,1188,10,0,1,1,5,0,0,0
10,1,124,13,1,1,1,6,1,0,0
5,1,100,10,0,1,0,7,1,0,0
6,0,1010,13,1,0,0,7,1,0,0
12,0,240,10,0,0,1,4,0,0,0
9,0,747,12,1,0,0,6,1,0,0
6,0,287,10,0,1,0,7,0,0,0
9,0,300,12,0,1,0,5,0,0,0
2,1,356,12,0,1,1,5,1,0,0
1,1,646,11,1,0,0,2,0,0,0
8,1,293,8,0,1,0,7,0,0,0
7,1,802,13,0,1,0,6,0,0,0
12,1,901,11,0,1,0,1,1,0,0
11,1,1041,11,0,0,1,4,0,0,0
9,1,513,14,1,0,1,3,0,0,0
6,0,1198,12,0,1,1,3,1,0,0
8,0,1009,12,1,1,0,7,1,0,0
3,0,287,13,1,1,1,4,0,0,0
12,0,144,10,1,0,0,8,0,0,0
3,1,182,10,1,0,1,9,0,0,0
0,1,457,15,0,0,0,3,0,0,0
7,1,1189,11,1,1,1,5,1,0,0
13,0,1035,15,1,0,1,4,1,0,0
13,1,474,9,1,1,1,6,0,0,0
11,1,261,9,1,1,0,4,1,0,0
2,1,421,15,0,0,0,8,0,0,0
6,0,549,10,0,1,0,3,1,0,0
14,1,1136,9,1,0,1,5,1,0,0
11,0,283,14,1,1,0,1,0,0,0
1,0,210,10,1,1,0,6,0,0,0
1,0,607,12,0,0,0,5,0,0,0
6,0,394,11,0,1,0,8,0,0,0
14,1,1003,8,0,1,0,9,1,0,0
5,0,1073,11,0,1,0,8,1,0,0
2,0,731,15,0,1,1,8,0,0,0
8,1,1150,10,1,1,1,3,1,0,0
9,1,832,15,0,1,0,4,1,0,0
14,0,420,14,0,1,1,4,0,0,0
13,1,1012,10,1,1,1,5,0,0,0
12,0,536,11,0,0,0,9,1,0,0
5,0,880,14,0,0,0,9,0,0,0
9,0,1176,14,0,1,1,1,0,0,0
9,0,825,14,1,1,0,8,1,0,0
5,1,130,13,0,0,1,1,1,0,0
0,0,436,10,1,1,1,2,0,0,0
3,1,282,9,1,0,1,7,1,0,0
9,1,1146,9,0,0,0,8,0,0,0
5,1,643,10,0,0,1,1,0,0,0
14,1,1197,10,0,1,0,3,1,0,0
5,0,1133,13,0,1,0,7,1,0,0
10,1,759,9,1,1,0,9,0,0,0
11,0,259,10,0,0,0,8,0,0,0
4,1,1137,10,1,0,0,8,0,0,0
0,1,511,15,1,0,1,9,1,0,0
7,0,1111,13,1,1,0,3,0,0,0
4,0,152,13,1,0,0,8,1,0,0
11,0,507,11,1,0,0,1,0,0,0
11,1,946,13,0,1,0,8,1,0,0
11,1,1145,8,1,0,0,7,0,0,0
4,0,1153,9,1,0,1,8,1,0,0
6,0,802,11,0,1,0,1,0,0,0
3,0,359,8,0,1,0,6,0,0,0
5,0,1182,10,1,0,1,7,0,0,0
12,1,875,15,1,1,0,5,0,0,0
3,0,1135,15,0,0,1,5,1,0,0
13,0,949,10,1,1,1,7,1,0,0
14,0,453,11,0,0,1,3,1,0,0
2,0,1198,13,0,1,1,6,1,0,0
6,1,972,14,1,0,0,7,1,0,0
7,0,1090,15,0,1,0,1,0,0,0
3,1,1117,14,1,1,1,2,1,0,0
12,0,393,10,1,1,1,4,1,0,0
1,0,308,14,1,1,0,8,1,0,0
11,1,917,12,0,1,1,6,1,0,0
9,0,489,11,1,1,1,1,0,0,0
13,1,424,8,0,1,1,5,0,0,0
2,1,1039,11,1,0,0,7,0,0,0
0,0,988,9,1,0,1,6,0,0,0
7,1,767,13,0,1,0,9,1,0,0
14,1,732,13,1,1,0,8,1,0,0
2,1,676,11,1,0,0,4,0,0,0
11,1,236,10,0,0,1,5,0,0,0
9,1,527,10,0,1,1,7,1,0,0
6,1,711,12,0,0,0,8,1,0,0
9,1,1010,12,1,0,0,5,0,0,0
4,1,918,13,0,1,0,9,0,0,0
9,0,240,12,0,1,1,4,0,0,0
4,0,276,15,1,1,1,4,0,0,0
13,1,297,15,0,0,0,8,1,0,0
6,0,723,8,1,1,0,1,1,0,0
14,1,790,12,1,1,1,8,1,0,0
8,1,500,8,0,0,0,5,0,0,0
11,0,570,12,1,1,1,1,1,0,0
4,1,317,13,0,0,1,4,1,0,0
0,1,1028,13,0,0,0,2,0,0,0
9,1,731,8,0,0,0,4,0,0,0
9,1,1050,11,0,0,1,8,0,0,0
0,0,1005,13,1,0,1,5,0,0,0
14,1,274,11,1,0,1,1,0,0,0
1,1,122,10,0,1,1,7,0,0,0
13,1,334,15,0,1,1,1,1,0,0
5,0,1136,8,1,1,0,9,1,0,0
8,1,1028,14,0,0,1,3,1,0,0
7,0,622,13,1,1,1,3,1,0,0
12,0,530,9,0,0,1,6,1,0,0
4,1,892,10,1,1,0,6,1,0,0
0,1,632,11,1,0,0,6,0,0,0
12,0,1078,13,1,1,1,1,0,0,0
6,1,909,8,0,0,1,5,0,0,0
14,0,1012,14,0,1,0,6,1,0,0
4,0,970,12,0,0,0,8,1,0,0
5,1,639,14,0,1,0,1,0,0,0
12,1,1123,9,0,0,0,5,0,0,0
6,0,326,11,1,1,1,3,0,0,0
2,0,972,10,1,1,0,2,0,0,0
11,0,991,14,1,1,1,8,0,0,0
9,0,1136,8,1,0,1,7,1,0,0
2,1,309,9,1,0,0,7,1,0,0
4,1,840,8,1,0,0,5,1,0,0
5,1,496,13,1,0,0,9,0,0,0
8,1,130,12,0,0,0,5,1,0,0
12,1,997,10,1,1,1,2,0,0,0
13,0,748,8,0,0,1,3,1,0,0
11,1,428,11,1,1,1,4,0,0,0
4,1,1051,13,1,1,0,5,0,0,0
14,1,720,13,0,0,1,3,1,0,0
0,1,261,10,1,1,0,7,1,0,0
13,1,875,13,0,0,1,5,1,0,0
13,0,373,11,1,0,0,5,1,0,0
13,0,1126,8,0,0,1,6,1,0,0
3,0,1151,10,1,1,1,7,0,0,0
4,1,425,15,0,0,0,8,1,0,0
11,0,1039,13,0,0,1,9,1,0,0
9,0,639,13,1,0,1,4,0,0,0
9,1,587,11,1,1,0,5,1,0,0
4,1,921,12,0,0,0,5,0,0,0
6,1,1188,12,1,1,0,8,1,0,0
3,0,455,14,0,1,0,9,1,0,0
0,0,334,13,1,0,0,7,0,0,0
13,1,326,15,0,1,1,5,1,0,0
13,1,148,8,1,1,0,3,1,0,0
4,0,217,10,0,0,1,1,1,0,0
6,0,153,13,1,0,1,9,1,0,0
9,1,664,9,0,0,0,5,0,0,0
9,1,1167,10,0,1,1,9,0,0,0
5,0,152,14,1,0,1,4,1,0,0
4,1,657,12,1,1,0,5,1,0,0
3,0,967,15,0,1,1,4,0,0,0
1,0,497,13,0,1,0,2,0,0,0
3,0,774,11,0,1,0,1,1,0,0
14,0,486,9,0,1,0,8,0,0,0
9,1,210,13,1,0,1,4,0,0,0
9,1,713,15,0,0,1,5,0,0,0
2,0,116,14,0,1,1,6,0,0,0
9,0,983,8,0,1,1,8,1,0,0
0,0,640,9,1,0,0,8,0,0,0
7,0,270,14,0,0,1,7,1,0,0
4,0,508,13,1,1,0,4,1,0,0
12,1,839,8,1,1,1,6,0,0,0
3,1,957,9,1,0,1,4,1,0,0
7,1,329,8,1,0,1,7,1,0,0
6,1,218,8,1,1,1,1,0,0,0
1,0,883,9,1,0,1,5,0,0,0
0,0,564,9,1,0,0,4,0,0,0
11,0,203,8,0,1,1,7,1,0,0
10,0,797,14,0,1,1,9,1,0,0
3,0,274,15,1,1,1,5,1,0,0
7,1,844,12,0,0,1,4,1,0,0
11,0,764,9,0,1,0,9,0,0,0
1,1,132,13,1,0,1,5,1,0,0
2,1,154,10,0,1,0,9,0,0,0
11,1,618,11,1,1,1,8,0,0,0
0,1,855,8,0,0,0,4,0,0,0
0,0,111,8,1,0,0,7,0,0,0
12,1,819,11,1,1,0,5,1,0,0
2,1,654,12,0,1,0,4,0,0,0
10,1,472,11,0,0,0,5,1,0,0
4,0,583,9,1,1,1,5,0,0,0
11,0,1072,11,1,0,0,9,0,0,0
2,0,722,8,1,0,1,9,0,0,0
0,1,406,11,0,1,0,6,1,0,0
0,1,556,10,0,0,0,4,0,0,0
7,0,259,13,0,0,1,2,0,0,0
9,1,430,9,0,0,0,3,0,0,0
10,0,875,11,1,1,0,2,0,0,0
11,0,324,8,1,0,0,5,1,0,0
12,1,1082,14,1,1,0,6,1,0,0
12,1,828,13,1,1,1,5,0,0,0
11,1,1168,9,0,1,0,2,0,0,0
14,1,1182,8,1,0,0,5,1,0,0
13,0,743,12,1,0,1,9,1,0,0
1,0,715,10,0,1,1,4,1,0,0
12,0,294,15,0,1,0,2,0,0,0
2,0,588,12,1,0,0,3,1,0,0
1,0,256,15,0,1,1,3,0,0,0
2,1,709,10,1,1,0,9,1,0,0
6,0,511,11,0,0,1,4,1,0,0
0,0,570,9,0,1,0,1,0,0,0
9,0,615,11,1,0,1,1,1,0,0
7,1,492,10,0,0,1,7,0,0,0
12,1,730,10,1,1,1,7,1,0,0
9,1,707,10,0,0,0,2,0,0,0
9,1,1079,15,0,0,0,9,1,0,0
9,0,533,13,0,0,0,9,1,0,0
13,0,639,8,0,1,0,5,0,0,0
1,1,377,9,0,1,1,3,0,0,0
2,1,332,11,1,1,1,3,0,0,0
8,0,461,11,0,0,1,3,0,0,0
6,0,125,12,1,0,0,6,1,0,0
3,1,1148,15,0,1,0,4,1,0,0
9,1,606,10,1,1,0,8,1,0,0
4,1,366,14,0,0,1,5,1,0,0
1,1,560,10,1,1,0,1,1,0,0
12,0,555,10,1,1,0,9,1,0,0
10,0,1191,14,0,1,1,1,0,0,0
12,0,1106,11,0,1,1,6,1,0,0
7,1,962,12,0,1,0,1,1,0,0
3,1,590,8,1,0,1,3,0,0,0
8,0,1172,14,1,1,0,5,1,0,0
4,0,663,15,0,1,1,7,1,0,0
12,0,315,13,0,0,1,8,1,0,0
8,0,658,9,1,0,1,9,0,0,0
3,1,258,15,1,0,0,6,0,0,0
9,0,588,14,0,0,0,9,1,0,0
4,0,785,8,1,1,0,8,0,0,0
8,0,893,11,0,1,1,9,1,0,0
7,0,104,13,0,1,1,4,1,0,0
2,0,460,13,0,1,1,9,1,0,0
0,0,558,13,1,0,1,7,0,0,0
2,0,347,10,1,0,0,5,1,0,0
3,1,1045,9,1,1,0,5,1,0,0
1,1,521,11,1,1,0,1,1,0,0
0,1,114,11,0,1,1,2,1,0,0
6,1,835,13,1,1,1,3,1,0,0
7,0,376,11,0,0,0,8,0,0,0
6,1,552,9,0,1,1,6,1,0,0
13,1,697,9,0,0,0,5,0,0,0
4,0,545,12,1,0,1,1,1,0,0
11,0,309,14,0,0,1,9,0,0,0
0,1,813,14,0,0,0,3,1,0,0
6,1,401,12,1,1,0,3,1,0,0
12,0,102,8,0,1,1,2,0,0,0
6,1,1089,14,1,1,0,4,0,0,0
8,0,619,9,1,1,0,2,1,0,0
2,0,592,9,1,0,1,9,0,0,0
8,0,719,14,0,0,1,7,0,0,0
13,0,430,9,1,0,1,8,1,0,0
0,1,432,12,1,1,0,3,1,0,0
0,0,149,13,1,0,1,6,1,0,0
13,0,962,13,1,0,1,6,1,0,0
3,1,371,11,0,0,1,1,1,0,0
8,0,679,15,1,0,1,6,0,0,0
5,1,659,15,0,1,1,3,1,0,0
12,1,795,13,1,0,0,3,0,0,0
10,1,545,10,0,0,1,3,1,0,0
2,0,1116,12,1,1,1,8,1,0,0
0,1,456,9,0,1,0,5,0,0,0
3,1,373,14,1,1,1,4,1,0,0
11,0,1142,13,0,0,1,9,0,0,0
12,1,410,12,0,0,0,9,0,0,0
8,1,969,13,0,0,1,1,0,0,0
2,1,985,8,1,0,0,2,1,0,0
11,1,253,9,0,1,1,8,1,0,0
8,1,719,8,0,0,0,5,1,0,0
6,0,982,9,0,0,0,7,1,0,0
11,1,896,12,0,1,1,1,1,0,0
13,1,224,11,1,1,0,5,1,0,0
14,0,718,13,0,1,0,3,0,0,0
3,0,344,13,0,0,1,2,1,0,0
2,0,947,10,0,0,1,2,1,0,0
9,1,549,14,1,0,0,9,1,0,0
14,0,1029,8,0,0,1,4,1,0,0
4,1,619,13,0,0,0,4,0,0,0
4,1,461,12,0,1,0,7,0,0,0
2,0,107,11,0,1,1,2,0,0,0
11,0,577,14,1,0,1,3,0,0,0
8,1,594,12,0,0,0,3,0,0,0
3,0,932,8,0,0,1,6,1,0,0
10,1,1162,10,1,0,1,3,0,0,0
4,0,692,13,1,0,0,5,0,0,0
3,0,286,12,1,1,0,4,1,0,0
4,0,853,14,0,1,0,3,1,0,0
6,1,192,9,1,1,0,8,0,0,0
8,0,185,11,0,0,0,3,1,0,0
6,1,1167,14,1,0,0,6,1,0,0
12,1,236,12,0,1,1,7,0,0,0
4,1,520,11,1,1,0,7,1,0,0
9,1,173,13,0,0,1,2,0,0,0
9,0,270,9,1,1,1,3,0,0,0
6,1,269,10,0,1,0,4,1,0,0
13,1,971,14,0,0,1,7,0,0,0
14,0,421,10,0,1,0,2,0,0,0
9,1,555,9,0,1,1,3,1,0,0
4,0,1043,11,0,1,0,7,1,0,0
2,1,889,13,0,0,0,7,1,0,0
6,0,712,12,0,1,0,3,1,0,0
12,1,988,9,0,1,0,1,0,0,0
10,0,448,8,1,1,1,3,1,0,0
10,1,109,11,0,0,1,5,1,0,0
1,1,839,10,0,0,1,7,0,0,0
14,0,766,14,1,1,1,4,0,0,0
11,0,645,9,0,0,1,1,0,0,0
8,0,228,10,1,1,0,6,0,0,0
9,0,700,11,0,0,0,2,1,0,0
9,1,704,10,1,0,0,3,1,0,0
11,1,426,9,1,1,0,4,0,0,0
0,0,1079,11,0,1,0,6,0,0,0
12,1,503,8,1,1,1,6,0,0,0
5,0,728,9,0,0,0,7,0,0,0
6,0,817,12,0,1,0,5,1,0,0
13,1,1140,15,0,0,1,7,0,0,0
12,1,373,13,0,0,1,2,1,0,0
7,1,784,9,1,1,0,1,0,0,0
9,1,215,11,0,0,0,8,1,0,0
8,1,960,14,1,1,1,1,1,0,0
1,1,792,13,1,0,0,2,1,0,0
10,1,423,9,0,1,0,6,1,0,0
9,0,1060,8,0,0,0,1,0,0,0
1,0,213,14,0,0,1,3,1,0,0
4,0,1181,8,0,1,0,7,0,0,0
12,0,253,12,1,0,0,8,1,0,0
4,0,414,14,0,1,1,4,1,0,0
5,1,1164,10,1,0,1,3,0,0,0
2,0,204,15,0,0,1,1,0,0,0
7,0,453,14,0,0,0,9,1,0,0
12,0,1115,13,0,1,1,6,1,0,0
0,0,832,14,0,1,0,6,0,0,0
5,0,808,11,1,1,1,9,1,0,0
3,0,750,15,1,1,0,1,0,0,0
0,0,923,11,0,1,1,6,0,0,0
14,1,1046,10,1,0,0,5,0,0,0
6,1,760,14,1,0,0,6,1,0,0
8,0,198,8,0,1,1,8,1,0,0
12,1,687,8,0,0,1,5,0,0,0
3,1,381,9,1,0,0,2,0,0,0
3,1,502,12,1,0,1,2,0,0,0
5,1,799,13,1,0,0,5,0,0,0
11,0,298,15,1,1,1,3,1,0,0
14,1,426,12,0,0,1,3,0,0,0
2,1,253,14,0,1,0,8,1,0,0
12,1,651,12,1,1,1,7,0,0,0
11,0,504,9,0,0,1,1,1,0,0
5,0,561,12,1,1,0,5,1,0,0
6,0,231,15,1,0,0,9,1,0,0
10,0,890,10,0,0,1,4,1,0,0
9,0,973,9,1,0,0,1,1,0,0
9,0,183,10,1,1,1,8,0,0,0
2,0,853,14,0,1,1,5,0,0,0
6,1,727,9,0,1,0,2,1,0,0
13,1,320,14,1,0,0,1,0,0,0
2,1,652,14,1,0,0,3,0,0,0
12,0,211,12,0,0,0,9,0,0,0
12,0,714,10,1,1,0,1,0,0,0
1,0,1023,14,1,0,0,4,0,0,0
11,0,574,10,0,0,1,8,0,0,0
13,0,935,10,0,1,1,8,0,0,0
9,1,370,9,0,1,0,8,1,0,0
3,1,520,11,0,1,1,8,0,0,0
11,0,806,12,0,0,1,4,0,0,0
7,0,139,14,0,0,1,8,0,0,0
12,0,288,10,1,0,1,9,1,0,0
14,0,1093,13,1,1,0,7,1,0,0
8,1,635,11,0,1,1,2,0,0,0
6,0,1127,14,0,1,1,9,1,0,0
0,0,389,13,1,1,0,8,1,0,0
2,0,532,12,1,0,0,5,0,0,0
12,0,570,12,1,0,0,3,1,0,0
11,1,727,10,0,0,0,7,0,0,0
13,0,378,10,0,0,1,2,1,0,0
8,0,976,15,1,0,0,3,0,0,0
14,1,680,15,0,0,1,9,1,0,0
11,1,962,14,0,0,1,4,0,0,0
0,1,353,9,0,0,0,4,0,0,0
8,0,280,11,1,1,0,3,1,0,0
7,0,780,14,1,1,0,5,0,0,0
0,1,924,11,0,0,0,3,0,0,0
5,1,799,10,0,1,0,9,1,0,0
4,1,665,12,0,0,0,3,0,0,0
5,1,779,10,0,0,1,2,0,0,0
9,1,490,12,0,1,1,5,1,0,0
11,1,311,15,1,0,1,6,0,0,0
12,0,483,14,0,0,1,1,1,0,0
12,0,441,15,0,0,0,6,0,0,0
12,0,943,12,0,0,0,3,1,0,0
14,1,1161,10,1,0,1,4,1,0,0
4,1,519,15,1,0,1,6,0,0,0
5,1,850,8,0,0,1,8,1,0,0
4,1,405,11,1,1,0,9,0,0,0
10,1,801,13,1,1,0,6,0,0,0
11,1,968,12,1,0,0,7,1,0,0
4,0,636,12,1,1,1,5,0,0,0
3,0,305,8,1,0,1,9,0,0,0
2,1,595,14,1,0,0,4,1,0,0
2,0,1170,14,0,0,0,6,0,0,0
3,1,603,14,1,0,1,5,0,0,0
8,0,1145,13,1,1,1,1,1,0,0
1,1,312,9,0,1,0,5,0,0,0
14,1,409,8,0,1,1,5,0,0,0
8,0,760,13,0,1,0,9,1,0,0
0,0,852,15,0,0,0,1,0,0,0
13,1,371,8,1,1,1,5,0,0,0
14,1,1037,12,1,0,1,7,1,0,0
14,0,131,11,1,0,1,6,0,0,0
0,0,542,8,1,1,0,6,0,0,0
4,1,261,9,0,0,1,7,1,0,0
5,0,866,10,1,1,1,6,1,0,0
5,1,353,15,1,1,0,5,0,0,0
2,1,620,13,0,1,0,5,0,0,0
6,1,1076,15,1,1,1,9,1,0,0
8,1,109,15,1,1,0,8,0,0,0
10,0,825,8,1,0,0,4,0,0,0
11,0,604,8,1,1,0,4,0,0,0
9,0,884,9,0,1,1,5,1,0,0
7,0,535,11,0,0,1,3,0,0,0
5,0,252,8,0,1,0,8,0,0,0
11,0,1016,8,0,1,0,7,1,0,0
7,0,968,11,0,0,0,5,1,0,0
11,1,852,9,1,0,1,3,1,0,0
4,0,662,13,1,1,0,5,0,0,0
7,0,588,15,0,0,0,3,0,0,0
9,1,994,13,0,1,1,5,1,0,0
11,0,203,8,0,0,0,1,0,0,0
3,0,1124,11,1,1,1,6,0,0,0
9,1,1106,8,0,1,1,4,0,0,0
7,0,506,14,1,1,1,4,0,0,0
9,0,266,10,1,0,0,8,1,0,0
11,0,608,13,1,1,0,2,1,0,0
1,1,412,14,1,0,1,4,0,0,0
11,0,862,12,0,1,0,2,1,0,0
11,0,780,10,1,1,1,1,0,0,0
4,1,576,8,1,1,0,3,0,0,0
8,0,172,9,0,1,1,8,1,0,0
3,1,681,13,1,1,1,6,1,0,0
10,1,361,12,1,0,0,7,0,0,0
5,0,344,10,1,0,0,2,0,0,0
14,1,660,13,0,0,0,6,0,0,0
0,1,1199,11,1,1,0,8,0,0,0
8,0,274,9,1,1,1,8,1,0,0
0,1,208,10,0,0,1,4,1,0,0
4,1,282,11,0,1,0,6,0,0,0
3,0,291,14,1,1,0,5,0,0,0
12,0,164,8,1,1,1,9,1,0,0
11,0,1062,11,0,0,0,8,0,0,0
12,1,963,10,1,0,0,2,1,0,0
12,0,468,15,0,0,0,7,0,0,0
13,1,950,10,1,0,0,7,1,0,0
2,1,142,15,0,0,1,1,0,0,0
12,1,587,14,1,1,1,1,0,0,0
5,1,177,8,0,1,0,4,0,0,0
1,1,925,15,0,1,1,5,1,0,0
2,1,773,15,0,1,0,4,1,0,0
4,1,800,11,0,0,0,7,0,0,0
14,0,858,11,0,0,0,3,0,0,0
8,0,827,8,1,1,1,7,0,0,0
1,1,1024,11,1,0,1,8,0,0,0
9,1,1001,13,0,1,1,6,1,0,0
7,0,988,8,1,1,1,6,1,0,0
13,1,1092,9,1,1,1,8,1,0,0
1,0,438,15,1,1,0,8,0,0,0
10,0,292,10,1,0,0,7,0,0,0
12,0,382,9,1,1,1,6,1,0,0
4,1,489,15,1,0,1,6,0,0,0
6,1,1099,13,0,1,1,6,1,0,0
7,0,624,15,1,1,0,8,1,0,0
0,0,758,15,1,1,1,1,1,0,0
5,0,815,15,1,1,0,5,1,0,0
0,0,990,14,0,0,0,3,0,0,0
1,0,551,13,1,1,1,8,1,0,0
14,1,527,12,1,0,0,6,0,0,0
0,0,1145,12,1,1,0,2,1,0,0
10,1,982,12,0,1,1,7,1,0,0
4,0,412,8,1,1,0,7,1,0,0
9,1,939,11,0,0,1,5,1,0,0
14,1,618,13,1,1,0,8,0,0,0
8,1,474,9,0,1,1,5,0,0,0
5,1,550,14,0,1,1,1,0,0,0
10,1,1114,9,0,1,0,9,0,0,0
10,1,694,9,1,1,1,4,1,0,0
0,0,599,9,0,0,0,2,0,0,0
12,1,563,14,0,0,0,4,0,0,0
0,0,212,12,0,1,1,9,1,0,0
1,1,1135,9,0,1,0,2,0,0,0
8,1,430,14,1,0,1,4,0,0,0
2,0,239,14,1,1,0,2,0,0,0
14,1,1001,11,1,0,0,5,0,0,0
0,0,616,14,1,1,1,3,1,0,0
4,0,668,12,0,1,0,2,1,0,0
6,0,945,9,1,0,0,9,0,0,0
5,0,1192,14,0,1,0,5,1,0,0
11,1,217,8,1,0,0,5,0,0,0
0,1,987,14,1,0,0,1,0,0,0
4,0,1182,10,1,0,0,6,0,0,0
14,1,1156,10,0,1,0,7,1,0,0
4,1,149,10,1,0,0,1,1,0,0
5,0,118,14,1,0,1,9,1,0,0
2,1,825,12,1,1,0,8,1,0,0
4,0,296,9,0,1,0,8,1,0,0
6,0,658,13,1,1,1,7,1,0,0
4,1,551,13,1,1,1,5,0,0,0
4,1,388,13,0,1,1,3,1,0,0
4,1,490,12,0,1,0,9,0,0,0
9,0,314,11,1,0,1,7,0,0,0
9,0,314,15,1,1,1,8,1,0,0
2,1,227,8,1,0,0,6,0,0,0
0,1,859,8,0,1,0,5,0,0,0
4,1,503,10,0,0,1,8,0,0,0
13,1,1152,10,0,0,1,3,1,0,0
8,0,437,14,1,1,0,7,1,0,0
13,1,930,13,0,1,0,2,0,0,0
0,0,813,14,1,0,0,3,1,0,0
2,0,460,15,0,1,0,2,0,0,0
12,1,668,13,0,1,0,5,1,0,0
12,1,317,10,0,0,1,7,0,0,0
3,1,301,9,1,0,0,1,0,0,0
13,0,116,11,1,0,0,9,1,0,0
0,1,421,14,1,1,0,1,1,0,0
0,1,617,11,1,1,0,1,1,0,0
7,0,780,11,0,1,0,8,1,0,0
1,1,524,11,1,1,1,6,1,0,0
11,0,1118,10,0,0,0,6,0,0,0
14,1,486,8,1,1,1,9,0,0,0
7,0,877,10,1,0,0,4,0,0,0
6,1,197,11,0,1,1,8,1,0,0
9,1,307,10,0,1,1,4,1,0,0
9,0,685,11,1,0,0,2,0,0,0
1,0,265,12,1,1,0,8,0,0,0
5,1,121,13,0,1,0,7,0,0,0
5,0,253,8,0,0,0,4,0,0,0
2,0,318,12,0,1,0,9,1,0,0
10,0,768,9,0,0,1,9,0,0,0
1,0,329,10,0,0,0,8,1,0,0
11,1,119,9,1,0,0,1,0,0,0
0,1,652,14,1,0,1,7,1,0,0
5,0,1049,10,1,1,0,5,1,0,0
11,0,247,15,1,1,1,7,1,0,0
4,0,502,15,0,1,0,9,1,0,0
13,0,695,13,0,0,1,2,0,0,0
13,1,466,12,0,1,0,4,0,0,0
10,1,901,13,1,1,1,4,0,0,0
8,0,1017,14,0,1,1,2,1,0,0
0,0,172,11,0,1,0,3,0,0,0
14,0,580,13,1,0,0,8,0,0,0
14,1,659,13,1,0,0,9,0,0,0
6,0,844,15,1,1,1,6,1,0,0
14,1,199,11,0,0,1,2,1,0,0
4,0,1182,15,0,1,1,2,1,0,0
4,1,607,10,1,1,0,7,0,0,0
13,0,357,11,1,1,0,8,0,0,0
1,1,512,12,0,0,1,8,0,0,0
10,0,1188,13,1,1,0,6,1,0,0
2,0,694,15,0,0,1,8,0,0,0
6,0,365,11,1,0,0,1,1,0,0
5,1,920,14,1,1,0,9,1,0,0
11,0,761,14,1,0,1,1,1,0,0
1,1,1046,13,0,0,0,3,1,0,0
5,1,659,12,0,1,0,9,0,0,0
1,0,1016,9,1,0,0,5,0,0,0
1,0,990,15,0,0,0,9,1,0,0
1,0,967,12,1,1,0,9,0,0,0
13,1,709,8,1,1,1,6,1,0,0
14,0,513,8,0,0,0,1,0,0,0
10,1,124,8,0,1,1,7,0,0,0
2,1,383,13,0,1,0,6,1,0,0
14,0,980,14,0,0,0,9,1,0,0
1,0,400,10,1,0,1,7,1,0,0
3,0,1191,15,0,1,1,4,1,0,0
8,0,1130,14,0,0,0,7,0,0,0
5,0,916,10,1,1,0,2,1,0,0
0,0,182,10,1,1,1,6,0,0,0
7,1,1196,14,1,0,1,6,1,0,0
14,1,145,15,1,0,1,2,0,0,0
11,1,717,13,0,1,1,4,1,0,0
13,0,1027,12,0,1,0,8,0,0,0
6,1,361,10,1,1,0,8,0,0,0
9,1,275,9,1,1,0,8,0,0,0
2,1,756,14,0,0,0,8,1,0,0
0,1,941,14,0,1,0,1,1,0,0
4,1,469,8,0,0,1,2,1,0,0
12,0,153,12,0,0,1,4,1,0,0
3,0,789,8,0,1,1,9,0,0,0
9,1,466,14,1,0,0,3,0,0,0
7,1,743,14,1,0,1,6,0,0,0
0,1,478,10,1,1,0,7,1,0,0
9,0,172,12,1,0,0,8,0,0,0
0,0,1014,11,0,0,0,7,0,0,0
11,1,959,9,1,1,1,3,1,0,0
3,0,142,15,0,1,0,6,1,0,0
7,0,476,10,0,1,0,5,0,0,0
4,1,1164,14,0,1,1,4,1,0,0
1,0,269,15,0,1,0,1,1,0,0
5,0,311,10,0,1,1,7,1,0,0
4,1,138,9,0,1,0,8,1,0,0
1,0,468,14,0,0,1,2,0,0,0
12,0,856,9,1,0,0,7,0,0,0
13,1,250,15,0,1,0,6,0,0,0
10,0,1170,11,1,0,1,5,0,0,0
10,0,1123,10,1,0,0,4,0,0,0
10,1,836,13,0,1,1,2,1,0,0
2,1,168,10,0,0,0,6,0,0,0
14,1,398,8,1,1,1,5,0,0,0
8,0,1043,12,1,0,0,2,1,0,0
6,1,901,12,1,1,0,7,1,0,0
6,0,395,8,1,0,0,6,1,0,0
14,1,302,14,0,0,1,9,0,0,0
10,0,160,12,0,0,1,5,1,0,0
5,1,1045,9,0,1,1,9,1,0,0
7,1,1062,15,1,0,1,9,1,0,0
3,1,430,15,0,0,1,1,0,0,0
7,1,437,12,1,1,0,5,1,0,0
3,0,738,12,0,1,0,9,1,0,0
7,1,374,8,1,0,0,7,0,0,0
8,1,418,14,0,0,0,6,1,0,0
2,0,688,11,0,0,0,6,0,0,0
2,1,603,12,1,0,1,7,0,0,0
10,0,486,13,1,1,0,1,1,0,0
12,1,969,12,1,0,1,4,0,0,0
1,1,932,11,1,0,0,1,1,0,0
12,1,1114,8,1,1,1,6,1,0,0
9,0,702,11,0,0,1,4,1,0,0
2,1,790,8,1,0,1,1,1,0,0
2,1,593,9,0,0,0,9,0,0,0
4,1,589,8,0,1,0,4,1,0,0
4,0,820,9,0,1,0,6,1,0,0
1,0,1196,9,0,0,0,7,1,0,0
11,1,608,8,0,0,1,8,0,0,0
9,0,489,13,1,1,1,9,0,0,0
12,1,394,10,1,0,1,9,1,0,0
5,1,895,8,0,0,1,8,0,0,0
4,1,964,12,0,1,0,3,0,0,0
5,1,648,13,1,1,1,2,1,0,0
0,1,748,13,1,1,0,5,1,0,0
4,1,667,12,0,0,1,1,1,0,0
8,1,952,10,1,0,1,3,1,0,0
11,0,869,13,1,0,1,1,1,0,0
9,0,544,9,1,0,0,3,0,0,0
13,0,462,15,0,1,0,4,1,0,0
1,0,222,10,1,0,1,7,1,0,0
0,0,841,14,0,0,1,5,1,0,0
13,0,779,12,0,1,1,5,1,0,0
9,0,519,10,0,1,0,1,1,0,0
12,1,191,8,0,0,0,8,0,0,0
10,1,162,15,0,1,0,4,1,0,0
8,1,611,10,1,1,1,5,0,0,0
9,1,871,9,0,0,0,2,1,0,0
8,0,355,15,0,0,1,1,1,0,0
14,0,234,8,0,0,0,9,1,0,0
8,1,974,11,1,0,1,2,0,0,0
5,1,921,12,1,1,1,6,1,0,0
14,0,187,15,1,1,0,1,1,0,0
7,1,1087,12,1,0,1,1,1,0,0
13,1,922,10,1,0,1,9,1,0,0
10,1,1126,13,1,1,1,4,1,0,0
14,1,1073,8,1,0,0,9,1,0,0
12,0,1033,11,0,0,1,5,1,0,0
0,1,220,8,0,0,0,7,0,0,0
9,1,1161,12,1,0,0,1,1,0,0
3,0,1107,8,0,1,1,6,1,0,0
0,0,1024,11,0,0,0,8,1,0,0
7,1,744,13,1,1,1,1,0,0,0
0,0,813,10,0,0,0,9,0,0,0
2,1,959,9,0,0,1,3,1,0,0
12,1,120,8,1,1,0,1,0,0,0
3,0,341,15,0,0,1,1,1,0,0
14,1,554,9,1,1,1,6,1,0,0
14,1,1062,12,1,0,1,6,0,0,0
14,1,720,10,0,0,1,1,1,0,0
7,1,402,14,0,0,0,3,0,0,0
5,0,902,10,0,0,0,7,0,0,0
13,0,1063,8,1,0,1,3,0,0,0
9,1,168,15,1,1,0,3,1,0,0
11,0,295,13,1,1,1,3,1,0,0
6,1,239,10,0,0,1,7,1,0,0
13,1,382,8,0,0,0,4,1,0,0
7,1,411,8,1,1,0,4,1,0,0
1,1,845,9,0,1,1,3,1,0,0
12,1,376,10,0,0,0,9,1,0,0
9,0,160,8,1,0,1,2,0,0,0
13,1,151,9,1,1,0,4,1,0,0
10,0,252,15,0,0,0,8,1,0,0
7,0,643,11,1,1,0,6,1,0,0
2,1,666,15,0,0,0,7,0,0,0
6,1,721,14,1,1,0,7,0,0,0
2,1,413,9,1,1,1,2,0,0,0
14,1,906,9,1,0,0,4,1,0,0
6,1,947,8,0,1,0,6,0,0,0
13,0,196,12,0,0,1,3,0,0,0
10,1,980,12,1,0,1,9,1,0,0
14,1,928,13,1,0,1,4,1,0,0
11,0,236,12,1,0,0,2,1,0,0
12,0,1129,9,0,1,0,6,0,0,0
1,1,1110,13,1,0,1,1,1,0,0
9,0,208,15,1,0,1,6,1,0,0
5,1,646,8,1,0,1,1,1,0,0
2,0,1162,15,1,0,1,8,1,0,0
2,0,761,10,0,1,0,5,1,0,0
14,1,524,14,0,0,0,6,1,0,0
8,0,729,14,1,1,0,2,0,0,0
6,0,360,9,0,1,0,2,1,0,0
4,0,186,9,0,1,0,9,0,0,0
11,0,564,13,0,0,1,3,0,0,0
9,0,175,8,1,0,0,6,1,0,0
6,0,570,11,0,0,1,5,0,0,0
8,1,513,9,0,0,1,4,0,0,0
0,1,924,11,0,1,1,2,0,0,0
6,0,994,15,1,1,0,8,1,0,0
5,1,825,11,1,0,1,7,0,0,0
9,1,556,12,0,0,0,2,0,0,0
13,1,752,8,0,0,1,6,0,0,0
11,0,771,14,1,0,0,8,0,0,0
8,1,594,14,1,0,1,7,1,0,0
0,0,1168,11,0,0,0,1,1,0,0
12,1,696,14,0,0,1,5,0,0,0
3,0,549,15,1,1,1,2,1,0,0
8,0,584,8,1,1,1,6,1,0,0
3,1,745,12,0,1,1,7,0,0,0
9,1,719,8,1,1,0,7,1,0,0
2,0,1141,9,0,0,0,3,1,0,0
8,1,761,11,0,0,0,7,0,0,0
12,1,857,8,0,0,1,5,0,0,0
1,1,388,15,1,0,1,8,1,0,0
14,0,820,14,0,0,1,8,1,0,0
3,0,737,10,0,1,1,7,1,0,0
14,1,334,8,1,0,1,6,1,0,0
5,1,515,11,1,1,1,2,0,0,0
1,1,1037,12,0,0,0,6,0,0,0
14,0,598,14,0,1,0,9,0,0,0
7,0,1073,12,1,0,0,2,0,0,0
7,1,733,11,1,1,0,1,0,0,0
0,1,1119,14,1,0,0,5,1,0,0
11,1,214,9,0,0,0,6,1,0,0
2,1,1031,14,0,0,0,3,0,0,0
9,1,773,9,0,0,0,8,0,0,0
8,1,1134,12,1,1,1,7,0,0,0
4,0,305,12,0,0,1,2,1,0,0
5,1,346,11,1,1,1,7,1,0,0
3,0,857,9,0,0,1,1,1,0,0
9,1,246,12,1,1,1,9,0,0,0
1,1,217,9,0,0,1,7,0,0,0
10,0,511,12,0,0,1,6,0,0,0
7,0,462,14,1,1,0,2,0,0,0
10,0,236,8,1,0,0,3,0,0,0
12,0,1057,15,0,0,1,1,1,0,0
5,1,118,10,1,1,0,5,0,0,0
4,0,294,15,1,0,0,9,1,0,0
8,1,429,14,0,1,0,6,1,0,0
0,0,274,13,1,0,0,5,1,0,0
4,1,1101,15,0,1,0,3,1,0,0
5,1,548,8,0,1,1,5,1,0,0
4,1,1045,13,1,1,0,8,0,0,0
5,1,240,12,1,1,1,2,0,0,0
5,1,857,10,0,0,1,5,0,0,0
6,1,1029,10,0,0,1,6,1,0,0
3,0,192,12,0,1,0,8,1,0,0
13,1,338,12,0,0,1,8,1,0,0
10,0,304,9,0,0,1,5,1,0,0
13,0,659,12,0,0,1,9,1,0,0
13,1,344,11,1,1,1,4,1,0,0
13,0,931,15,1,0,0,9,0,0,0
14,1,1024,12,1,0,1,7,1,0,0
7,0,394,11,0,1,1,6,1,0,0
6,1,739,12,1,0,1,4,0,0,0
8,0,955,9,0,1,1,2,1,0,0
6,1,116,11,0,1,0,8,0,0,0
2,1,170,15,1,1,1,6,0,0,0
2,1,404,8,0,0,1,3,0,0,0
14,1,1130,11,0,0,1,7,1,0,0
7,0,916,14,0,1,1,7,0,0,0
4,1,920,9,0,1,1,6,0,0,0
3,0,292,13,0,1,1,2,1,0,0
7,0,628,15,0,1,0,8,0,0,0
14,0,270,11,1,1,1,1,1,0,0
5,1,350,14,0,1,0,1,1,0,0
1,0,640,14,0,0,0,6,0,0,0
3,0,515,15,0,1,1,5,1,0,0
11,0,893,15,0,1,0,9,1,0,0
10,1,124,14,1,1,1,7,0,0,0
3,1,767,12,1,0,0,2,0,0,0
14,0,1196,14,0,0,1,7,0,0,0
5,1,731,12,0,0,0,3,0,0,0
5,1,604,13,0,0,0,1,1,0,0
0,0,435,9,1,1,1,8,0,0,0
13,0,524,10,1,0,0,3,0,0,0
7,1,598,12,1,1,0,8,0,0,0
5,0,1046,14,1,1,0,7,1,0,0
2,1,729,14,0,1,0,2,1,0,0
13,1,817,8,1,1,0,1,1,0,0
8,1,438,14,1,1,1,7,1,0,0
1,1,758,9,0,1,0,1,1,0,0
14,1,1061,11,0,0,0,6,0,0,0
10,1,528,11,1,0,1,8,1,0,0
7,0,998,14,1,0,1,7,1,0,0
9,0,238,8,1,0,1,4,1,0,0
2,1,1041,12,1,0,0,1,0,0,0
12,1,641,9,0,1,0,1,0,0,0
11,1,156,8,0,0,0,4,1,0,0
4,0,757,12,1,0,0,5,0,0,0
5,1,534,9,1,0,1,7,1,0,0
9,0,483,14,1,1,1,4,0,0,0
5,1,659,11,1,1,0,1,0,0,0
3,1,293,9,1,1,0,7,1,0,0
2,0,633,14,0,0,0,2,0,0,0
3,0,617,13,0,0,0,2,1,0,0
0,1,815,10,0,0,1,8,1,0,0
3,1,850,9,1,0,1,5,1,0,0
0,1,284,10,1,0,0,2,0,0,0
11,0,391,9,0,1,1,5,0,0,0
14,0,831,10,0,0,0,8,1,0,0
0,0,215,13,1,1,0,6,1,0,0
9,0,924,11,0,0,1,3,0,0,0
13,0,1172,15,1,1,0,8,1,0,0
5,0,784,12,1,1,1,9,0,0,0
4,1,181,10,0,1,0,5,0,0,0
13,1,933,13,0,1,1,2,0,0,0
10,0,432,10,0,0,0,2,1,0,0
14,1,656,11,1,0,1,7,1,0,0
3,1,434,10,1,0,0,1,0,0,0
12,0,631,13,0,1,0,2,1,0,0
10,1,320,14,1,0,1,4,1,0,0
2,0,734,13,1,0,0,1,0,0,0
0,0,422,15,1,0,1,4,0,0,0
5,1,102,15,0,0,1,5,1,0,0
1,0,305,15,1,1,0,9,0,0,0
7,0,139,8,0,1,0,1,1,0,0
9,0,158,11,0,0,0,5,0,0,0
4,0,1050,14,1,0,0,2,0,0,0
6,0,673,8,0,0,1,9,1,0,0
9,0,743,11,1,1,0,6,1,0,0
11,0,942,14,0,1,0,2,1,0,0
1,0,718,10,0,1,0,3,1,0,0
12,1,195,14,1,0,1,8,1,0,0
7,1,997,13,0,1,0,1,0,0,0
1,1,1185,8,0,1,1,3,0,0,0
3,0,660,10,0,1,0,1,1,0,0
0,0,1004,13,1,1,1,8,0,0,0
14,1,447,11,1,1,0,1,1,0,0
4,1,770,14,0,0,0,5,0,0,0
8,1,416,13,0,0,1,4,0,0,0
0,0,818,10,0,0,0,7,1,0,0
8,1,1171,8,1,0,0,5,1,0,0
10,1,349,8,1,1,0,8,1,0,0
14,0,413,15,0,0,1,1,0,0,0
7,1,906,14,1,0,0,5,1,0,0
5,0,584,13,1,0,1,4,1,0,0
6,0,143,15,1,1,1,3,1,0,0
2,0,670,10,1,0,1,5,1,0,0
13,1,682,15,0,1,0,3,1,0,0
14,1,994,9,1,1,1,8,1,0,0
0,0,319,11,1,1,1,3,0,0,0
4,1,1024,15,0,0,0,1,0,0,0
13,1,500,11,0,1,1,9,0,0,0
11,1,826,10,1,0,1,9,0,0,0
11,1,1090,9,1,0,0,6,1,0,0
1,0,998,8,0,0,0,1,1,0,0
13,1,957,14,0,1,1,8,0,0,0
4,0,903,12,0,1,0,2,0,0,0
7,0,589,12,1,0,0,9,0,0,0
10,1,1037,14,1,1,0,8,1,0,0
8,0,943,10,0,1,1,3,1,0,0
1,1,366,9,1,1,1,5,1,0,0
11,1,153,9,0,0,0,9,0,0,0
2,0,627,11,1,1,1,1,0,0,0
2,0,715,8,0,1,0,9,0,0,0
0,0,1182,13,0,0,0,4,0,0,0
7,0,1163,15,1,1,0,4,0,0,0
5,1,1054,9,1,0,0,4,1,0,0
11,1,485,14,1,1,0,9,1,0,0
12,1,833,13,1,1,1,6,1,0,0
7,0,815,12,1,1,1,8,1,0,0
10,0,749,13,1,1,1,4,1,0,0
8,0,399,8,0,1,1,3,0,0,0
4,1,494,14,1,1,0,1,1,0,0
13,0,692,8,0,0,0,7,0,0,0
11,1,613,13,0,1,1,4,1,0,0
13,0,495,15,1,1,1,8,0,0,0
2,1,470,10,0,1,0,3,0,0,0
4,1,957,9,0,0,0,1,0,0,0
4,0,890,14,1,0,0,5,0,0,0
4,0,757,10,1,0,1,2,0,0,0
2,1,835,13,1,1,0,3,0,0,0
10,1,483,9,0,1,0,6,1,0,0
13,0,161,11,1,0,1,3,0,0,0
9,0,604,10,1,0,1,3,0,0,0
13,1,338,10,1,0,1,6,1,0,0
3,0,294,13,1,1,0,5,0,0,0
8,1,777,12,0,0,0,9,1,0,0
12,1,160,13,1,1,1,1,1,0,0
9,0,1089,10,0,1,0,3,0,0,0
8,0,784,9,1,1,0,3,0,0,0
1,0,255,15,0,0,0,6,1,0,0
7,0,1022,12,0,1,1,8,0,0,0
7,0,967,13,0,0,1,3,1,0,0
6,1,1002,15,1,0,0,3,0,0,0
7,1,1098,14,0,0,0,6,1,0,0
13,0,1074,13,1,0,0,8,0,0,0
2,0,487,10,1,1,0,6,0,0,0
12,0,986,15,1,1,1,3,1,0,0
5,1,937,10,1,1,1,4,1,0,0
0,0,439,11,1,1,0,1,1,0,0
6,0,303,15,0,0,0,8,1,0,0
14,1,260,15,1,0,1,4,0,0,0
14,1,491,13,0,0,0,6,1,0,0
0,0,868,10,0,0,1,3,1,0,0
8,0,674,14,0,1,0,6,0,0,0
0,0,633,8,0,0,1,9,0,0,0
0,1,1193,12,0,1,0,9,1,0,0
14,0,992,8,0,0,0,3,0,0,0
6,0,504,12,0,0,1,3,1,0,0
1,0,707,14,1,0,1,4,0,0,0
13,1,927,15,0,0,0,7,1,0,0
4,1,789,15,1,1,0,3,0,0,0
7,0,1001,13,0,1,1,8,1,0,0
7,0,155,11,0,1,1,8,1,0,0
2,1,465,10,0,1,0,6,0,0,0
6,1,554,10,0,0,0,4,0,0,0
2,1,203,10,1,0,1,5,1,0,0
5,1,176,13,1,1,1,2,1,0,0
5,1,329,12,1,1,1,6,0,0,0
2,1,430,15,0,0,1,3,0,0,0
6,1,992,14,0,0,1,6,0,0,0
2,1,787,10,0,1,0,5,0,0,0
7,1,126,8,1,1,0,2,0,0,0
9,0,398,10,0,1,1,5,0,0,0
3,0,1056,15,1,0,0,5,0,0,0
14,0,898,13,1,1,0,9,0,0,0
14,1,579,14,0,1,1,8,0,0,0
12,0,672,11,0,1,0,7,1,0,0
0,1,557,14,1,1,0,3,0,0,0
3,1,464,8,1,1,0,4,0,0,0
13,0,958,10,1,0,1,6,1,0,0
6,1,450,10,0,1,1,3,1,0,0
10,0,352,9,0,0,0,9,1,0,0
3,0,880,12,0,1,0,8,1,0,0
12,0,902,8,0,1,0,6,1,0,0
5,1,1111,9,0,1,0,4,1,0,0
8,0,558,14,0,0,0,7,0,0,0
0,1,1016,11,1,0,0,3,1,0,0
12,0,598,12,1,0,1,8,1,0,0
4,0,1049,8,1,1,0,1,1,0,0
10,0,607,10,0,1,0,3,0,0,0
6,1,600,14,1,0,1,5,1,0,0
0,1,902,8,0,0,0,5,0,0,0
13,1,697,10,0,1,0,2,1,0,0
3,0,265,15,1,0,0,8,1,0,0
5,0,561,12,0,1,0,5,0,0,0
1,1,1019,15,1,0,1,7,0,0,0
9,1,213,15,1,0,0,7,1,0,0
4,1,1091,10,0,0,1,5,0,0,0
10,1,306,11,1,1,0,8,0,0,0
9,1,614,14,1,1,0,9,1,0,0
0,1,808,13,1,0,1,4,1,0,0
5,0,237,10,1,1,0,4,1,0,0
5,1,438,11,0,1,1,8,0,0,0
12,0,636,13,1,1,1,1,1,0,0
14,0,167,14,1,1,1,4,1,0,0
14,1,482,15,1,0,0,6,0,0,0
3,1,118,12,0,1,0,4,0,0,0
12,0,782,12,1,1,0,6,1,0,0
7,1,173,14,0,0,0,5,0,0,0
3,1,672,14,1,1,1,9,1,0,0
7,0,1038,8,1,1,0,9,0,0,0
14,0,1171,11,1,1,0,4,1,0,0
12,0,310,15,0,0,1,4,0,0,0
7,1,954,11,0,0,1,8,0,0,0
4,0,750,14,0,1,0,4,0,0,0
12,1,1093,9,0,1,1,2,0,0,0
14,0,794,9,0,0,1,2,1,0,0
3,0,639,13,0,0,1,1,0,0,0
11,0,1000,13,1,0,1,5,1,0,0
12,1,879,9,0,1,1,6,0,0,0
1,1,269,14,1,1,0,9,0,0,0
10,0,1137,14,0,0,0,5,1,0,0
14,0,387,13,0,1,0,6,0,0,0
2,0,288,10,0,1,0,6,0,0,0
2,1,1013,14,1,1,0,3,1,0,0
3,0,793,9,0,1,0,4,0,0,0
3,1,987,11,0,1,0,1,1,0,0
9,0,570,14,1,1,1,4,0,0,0
10,0,1198,15,1,1,0,1,0,0,0
10,0,376,14,1,0,0,5,0,0,0
4,0,1039,10,1,0,0,8,1,0,0
3,0,670,13,0,0,1,8,0,0,0
10,0,956,14,1,0,0,5,0,0,0
13,1,1100,12,0,0,0,2,0,0,0
9,0,557,8,0,0,1,6,0,0,0
7,1,1017,9,1,0,0,1,0,0,0
5,0,932,15,0,0,0,7,0,0,0
5,0,1187,15,1,0,1,4,0,0,0
7,1,938,15,0,1,0,5,0,0,0
6,0,292,12,1,1,1,6,0,0,0
14,1,715,15,1,0,0,1,1,0,0
9,1,505,15,1,1,0,9,0,0,0
13,0,1042,13,1,1,0,4,1,0,0
10,1,820,11,1,0,1,8,1,0,0
11,1,192,8,1,0,1,5,1,0,0
9,0,529,12,0,0,1,8,0,0,0
12,1,753,8,0,1,0,1,1,0,0
7,0,533,9,0,1,0,8,1,0,0
13,0,474,13,1,0,1,4,1,0,0
1,0,1182,14,0,1,1,2,0,0,0
8,0,1166,11,1,1,0,6,1,0,0
0,1,306,13,0,1,0,2,0,0,0
14,0,879,8,0,0,0,5,1,0,0
7,0,631,12,1,1,0,2,1,0,0
11,1,265,9,0,1,1,3,0,0,0
10,0,742,9,0,1,0,6,0,0,0
11,0,189,13,0,1,0,1,1,0,0
11,1,112,14,1,1,0,6,1,0,0
3,1,1072,12,0,1,0,3,1,0,0
3,1,904,14,1,1,0,7,0,0,0
4,1,1044,14,0,0,0,2,0,0,0
7,1,841,15,0,0,0,6,1,0,0
4,1,975,12,0,1,1,8,1,0,0
7,1,759,8,0,0,1,1,0,0,0
14,0,1131,13,1,1,1,9,0,0,0
9,1,1152,13,0,1,0,5,1,0,0
0,1,395,15,1,1,1,5,0,0,0
11,1,1085,10,1,0,0,5,1,0,0
14,0,1025,13,0,1,0,6,0,0,0
9,0,739,9,0,1,0,2,1,0,0
8,1,439,8,1,0,0,6,1,0,0
5,1,727,12,1,0,1,4,1,0,0
2,1,538,13,0,1,0,8,0,0,0
12,0,1041,8,0,0,0,9,1,0,0
13,0,929,15,0,0,1,9,1,0,0
7,1,618,13,0,1,1,8,0,0,0
8,0,1075,12,0,1,1,3,1,0,0
5,1,1168,11,1,1,0,4,1,0,0
10,0,1054,12,0,0,1,1,1,0,0
6,0,1051,12,0,0,0,9,0,0,0
0,1,1043,12,1,0,0,5,0,0,0
13,1,254,13,0,1,1,6,0,0,0
4,1,187,10,0,0,1,3,0,0,0
4,1,1196,12,1,0,1,8,1,0,0
9,0,1030,15,0,1,0,7,0,0,0
13,0,278,9,1,1,0,1,0,0,0
3,0,311,9,0,1,0,5,0,0,0
5,1,564,15,0,0,0,9,1,0,0
6,0,730,8,0,1,0,6,1,0,0
8,1,924,10,1,0,0,8,1,0,0
0,0,706,8,1,0,1,1,0,0,0
14,1,984,15,1,1,0,7,1,0,0
5,1,465,9,1,1,1,3,1,0,0
6,0,375,14,0,1,1,9,0,0,0
2,1,479,9,1,1,1,6,1,0,0
7,1,1044,11,1,1,1,5,0,0,0
14,0,1187,12,1,0,1,8,0,0,0
4,1,909,14,0,0,0,8,1,0,0
14,1,1024,9,0,0,0,3,0,0,0
8,1,593,13,1,1,0,2,0,0,0
4,0,1194,13,1,0,0,2,0,0,0
8,0,463,8,0,1,1,5,0,0,0
9,1,669,14,1,1,1,7,0,0,0
3,0,862,8,1,0,1,8,0,0,0
8,1,375,12,1,0,0,8,1,0,0
4,1,149,12,1,1,0,8,0,0,0
9,1,827,11,0,0,0,3,0,0,0
8,1,1005,15,0,1,0,2,0,0,0
2,1,1027,15,0,0,1,4,0,0,0
14,0,663,10,1,0,1,1,1,0,0
3,1,882,8,1,0,0,3,1,0,0
8,0,584,12,0,0,0,9,0,0,0
9,0,683,15,0,0,1,7,1,0,0
10,1,335,8,0,1,1,7,0,0,0
5,1,155,12,1,0,1,1,0,0,0
1,0,459,9,0,0,1,7,0,0,0
6,0,209,8,1,0,0,7,0,0,0
1,0,291,9,1,1,1,4,1,0,0
10,1,1003,8,0,1,1,7,1,0,0
1,0,961,10,0,1,1,8,0,0,0
10,1,667,11,1,1,1,3,0,0,0
0,1,1183,13,0,1,0,2,1,0,0
10,1,749,15,0,0,0,7,1,0,0
10,0,138,13,1,0,0,5,0,0,0
11,1,1172,13,1,0,0,5,1,0,0
10,1,736,9,1,1,0,5,0,0,0
2,1,1136,14,1,1,0,7,1,0,0
5,1,135,12,1,0,1,9,1,0,0
7,1,200,13,0,1,1,8,1,0,0
8,0,265,10,1,1,1,6,1,0,0
6,1,482,13,1,1,1,7,0,0,0
3,1,889,8,1,0,0,9,0,0,0
5,0,130,9,0,0,1,6,1,0,0
4,1,110,14,1,1,0,1,0,0,0
7,0,195,8,1,1,1,4,1,0,0
0,1,552,14,1,1,1,8,1,0,0
0,0,291,8,0,1,1,7,0,0,0
12,0,585,8,1,0,0,3,0,0,0
14,1,337,15,1,1,1,3,0,0,0
10,1,1188,11,1,0,0,3,1,0,0
5,1,834,11,0,0,0,1,0,0,0
9,0,1090,12,0,0,1,1,0,0,0
11,0,924,9,0,1,0,6,0,0,0
1,0,205,10,0,0,0,1,0,0,0
4,1,280,10,1,0,1,5,1,0,0
0,0,283,10,1,1,1,4,1,0,0
6,0,325,15,0,1,1,5,1,0,0
0,1,876,8,0,1,1,7,1,0,0
3,0,889,11,1,0,1,6,1,0,0
8,0,787,9,1,1,1,9,1,0,0
0,1,629,8,0,0,0,6,1,0,0
3,0,1071,14,0,0,1,9,0,0,0
5,1,1035,11,0,1,1,4,1,0,0
5,1,205,11,0,0,0,1,1,0,0
11,1,930,13,1,0,1,1,1,0,0
14,1,778,13,0,0,0,7,1,0,0
12,1,948,15,0,0,1,3,0,0,0
7,0,1155,9,1,1,1,2,1,0,0
0,0,492,14,1,0,0,6,1,0,0
6,1,139,9,1,1,1,6,0,0,0
0,1,759,9,1,0,0,7,1,0,0
12,0,1080,15,1,0,1,5,1,0,0
13,1,944,15,0,1,1,8,1,0,0
6,1,300,8,0,0,0,7,1,0,0
2,1,546,12,0,0,1,2,1,0,0
10,0,1161,15,1,0,1,1,1,0,0
7,0,543,9,0,0,0,9,1,0,0
2,1,860,13,1,0,1,5,0,0,0
13,1,326,12,0,0,0,5,0,0,0
13,0,147,8,0,1,1,4,1,0,0
12,0,1141,12,1,1,0,2,0,0,0
0,1,1011,10,1,1,1,5,1,0,0
12,1,286,14,0,0,0,2,0,0,0
12,0,444,12,0,0,0,7,1,0,0
13,0,323,9,0,0,1,9,0,0,0
7,0,929,8,0,1,1,9,1,0,0
2,1,587,14,0,0,0,6,0,0,0
1,0,976,9,1,1,1,1,0,0,0
0,1,948,14,1,0,0,6,1,0,0
13,0,1078,13,1,0,1,5,1,0,0
2,0,1116,10,1,0,1,4,0,0,0
14,0,287,13,0,1,0,6,0,0,0
1,0,369,9,0,0,0,6,1,0,0
1,1,409,9,1,1,1,6,0,0,0
5,1,1195,9,0,0,1,2,1,0,0
11,0,944,11,1,0,1,7,0,0,0
0,1,585,10,0,1,1,4,0,0,0
1,0,219,14,0,0,1,9,1,0,0
13,0,319,15,0,0,0,2,1,0,0
5,0,152,9,1,0,1,5,1,0,0
2,0,857,9,1,0,1,4,0,0,0
14,1,837,14,1,1,0,9,0,0,0
3,0,819,15,1,1,0,4,0,0,0
0,0,505,13,0,0,0,8,1,0,0
7,1,707,13,0,0,1,8,0,0,0
12,0,1120,9,0,1,0,6,0,0,0
6,0,521,8,0,0,0,6,1,0,0
6,0,811,11,1,1,0,8,0,0,0
2,1,346,13,0,0,0,9,0,0,0
9,0,171,8,0,1,1,5,1,0,0
9,1,284,11,0,1,1,1,1,0,0
2,0,105,9,1,1,1,1,1,0,0
13,0,1005,10,1,1,0,2,1,0,0
1,1,486,12,1,0,0,5,1,0,0
11,0,798,12,0,0,0,4,1,0,0
0,0,1199,9,1,1,0,1,1,0,0
6,1,926,13,0,1,0,4,1,0,0
6,1,448,8,0,1,0,4,1,0,0
11,1,407,10,0,1,1,4,0,0,0
1,1,386,14,1,0,1,1,1,0,0
6,1,865,11,1,1,0,9,1,0,0
12,0,824,9,0,1,1,3,0,0,0
7,1,861,10,0,1,0,4,1,0,0
0,0,482,15,1,1,0,5,0,0,0
8,0,487,10,1,1,1,7,0,0,0
6,0,624,13,1,1,0,6,1,0,0
2,1,738,15,0,1,1,5,0,0,0
7,1,1037,11,0,0,0,8,1,0,0
6,0,375,15,0,1,0,1,1,0,0
10,1,599,10,1,1,1,7,0,0,0
14,1,816,13,1,1,0,6,0,0,0
12,1,436,15,1,0,0,5,0,0,0
7,1,1031,8,0,0,0,7,1,0,0
5,0,580,13,0,0,1,3,1,0,0
8,0,1010,8,1,1,0,1,0,0,0
14,1,1181,8,0,1,0,9,1,0,0
4,0,208,15,1,1,0,2,1,0,0
2,1,427,15,0,0,1,3,0,0,0
2,1,414,14,1,1,1,8,0,0,0
0,0,798,14,0,0,1,9,0,0,0
11,0,880,10,0,0,1,3,0,0,0
14,0,255,13,1,0,1,6,0,0,0
7,1,986,14,1,0,0,7,0,0,0
1,0,1125,8,1,0,1,1,0,0,0
2,1,857,14,1,1,1,7,0,0,0
7,0,821,11,1,1,0,4,0,0,0
13,0,1012,10,0,0,1,5,0,0,0
7,1,970,13,1,1,0,8,1,0,0
13,1,112,13,1,1,1,4,1,0,0
10,1,707,12,1,0,0,4,0,0,0
3,1,597,13,0,0,0,8,1,0,0
3,1,337,10,1,1,1,5,1,0,0
4,1,880,11,1,1,1,6,1,0,0
5,1,705,13,1,1,0,5,1,0,0
4,1,760,12,0,1,0,1,1,0,0
13,0,948,10,0,0,0,7,1,0,0
14,1,1035,8,1,1,0,6,0,0,0
6,1,727,9,0,0,0,2,0,0,0
1,0,242,9,1,0,0,7,1,0,0
6,1,813,8,0,1,0,6,1,0,0
9,0,578,14,1,1,1,5,0,0,0
6,0,664,13,0,1,0,8,1,0,0
0,1,570,15,1,0,1,5,1,0,0
6,0,483,9,1,0,1,2,1,0,0
4,1,1025,14,0,0,0,6,1,0,0
2,0,516,9,1,0,0,1,1,0,0
12,0,407,8,1,1,1,5,0,0,0
2,0,748,13,1,0,0,6,0,0,0
3,1,1124,13,1,0,0,7,1,0,0
12,1,1167,14,0,1,1,2,0,0,0
11,0,838,8,1,0,1,1,1,0,0
1,0,239,14,0,0,1,6,1,0,0
1,1,1073,13,0,1,0,3,1,0,0
0,1,1116,15,0,0,0,5,1,0,0
14,0,1052,13,0,0,1,2,1,0,0
4,0,1003,10,1,0,0,1,1,0,0
3,1,171,15,1,0,1,1,1,0,0
10,1,206,14,0,1,0,4,1,0,0
9,1,1165,10,1,0,1,2,1,0,0
14,1,982,8,0,1,0,1,0,0,0
1,1,238,11,1,0,1,6,1,0,0
2,0,714,9,1,1,0,4,0,0,0
6,1,962,10,1,1,0,7,0,0,0
6,0,372,9,0,1,1,6,1,0,0
11,1,515,12,0,0,0,5,0,0,0
3,0,605,8,1,0,0,2,1,0,0
4,1,832,11,0,0,1,5,1,0,0
4,1,523,12,0,1,0,9,1,0,0
5,0,489,12,1,0,0,9,1,0,0
13,0,441,13,0,0,0,2,0,0,0
8,1,1045,12,1,0,1,7,0,0,0
1,1,713,8,1,0,1,4,1,0,0
4,1,592,10,1,1,1,3,0,0,0
11,1,291,8,0,1,1,1,0,0,0
2,1,598,10,1,0,1,3,0,0,0
3,0,921,12,1,0,0,9,1,0,0
9,0,326,12,0,0,0,9,0,0,0
5,1,238,15,0,1,1,7,0,0,0
11,0,955,11,0,0,0,3,0,0,0
7,0,916,10,0,1,0,3,1,0,0
0,0,1186,12,1,1,0,4,0,0,0
9,1,203,13,0,0,0,7,0,0,0
13,0,970,15,0,0,1,7,1,0,0
7,1,767,9,0,0,1,2,0,0,0
10,0,372,15,0,1,0,5,1,0,0
13,1,1129,11,1,1,0,7,1,0,0
6,0,283,8,0,0,1,7,1,0,0
0,1,1151,11,1,1,0,6,1,0,0
1,1,392,9,0,0,0,8,1,0,0
2,0,276,15,1,0,0,3,1,0,0
0,1,157,10,1,1,1,1,0,0,0
13,1,407,8,0,1,1,3,1,0,0
8,1,1076,8,1,1,0,2,0,0,0
7,1,799,10,0,1,0,2,0,0,0
1,1,182,14,1,0,0,2,1,0,0
12,1,351,14,1,0,0,5,0,0,0
8,1,895,11,1,0,0,1,0,0,0
6,1,996,12,0,1,0,4,0,0,0
8,0,309,14,1,0,1,5,1,0,0
5,0,915,11,0,1,1,2,0,0,0
5,1,708,14,1,1,0,5,0,0,0
10,1,546,9,1,1,1,4,1,0,0
13,0,559,13,1,0,0,8,0,0,0
3,0,1067,12,1,1,0,1,0,0,0
9,0,571,11,1,1,1,5,0,0,0
9,1,469,13,1,1,1,1,1,0,0
12,0,999,13,0,1,0,4,0,0,0
12,1,1022,15,0,1,0,8,0,0,0
1,1,236,14,0,1,1,1,1,0,0
6,0,466,15,1,1,1,2,1,0,0
4,1,1011,10,0,1,0,1,1,0,0
10,1,283,9,1,1,0,7,0,0,0
5,1,571,9,0,1,0,2,1,0,0
1,1,753,9,0,1,1,1,1,0,0
4,0,848,12,1,1,0,6,1,0,0
9,0,636,8,1,0,1,6,0,0,0
3,1,901,12,0,0,0,2,1,0,0
8,1,1019,11,0,1,1,1,1,0,0
5,0,609,13,0,1,1,3,1,0,0
1,1,729,13,0,1,1,5,1,0,0
0,0,1101,15,1,0,1,6,1,0,0
4,1,1196,8,0,0,0,3,0,0,0
8,1,1015,11,1,0,1,9,0,0,0
5,0,1133,8,1,1,1,5,1,0,0
9,0,251,13,0,1,1,2,1,0,0
11,0,1128,14,1,1,0,6,1,0,0
6,0,563,12,0,1,0,8,0,0,0
4,1,370,9,1,0,0,6,0,0,0
9,0,559,13,1,1,0,4,0,0,0
5,1,204,10,0,0,0,6,0,0,0
4,0,261,9,1,0,0,8,1,0,0
10,0,450,13,1,1,1,8,1,0,0
8,1,533,12,0,0,1,2,1,0,0
14,0,951,8,1,0,1,8,1,0,0
5,0,239,14,1,0,0,6,0,0,0
10,0,186,14,0,0,1,2,1,0,0
7,0,282,9,0,1,1,1,0,0,0
1,1,467,12,1,1,0,6,0,0,0
11,1,228,14,1,0,1,7,1,0,0
12,0,769,14,1,1,0,5,0,0,0
8,0,248,11,0,0,1,8,0,0,0
4,0,1084,10,1,1,0,9,1,0,0
6,1,951,9,1,1,0,4,0,0,0
9,1,727,8,1,1,0,7,0,0,0
12,1,545,14,1,1,1,8,1,0,0
0,1,983,11,1,1,1,6,0,0,0
9,0,393,12,1,0,0,2,0,0,0
4,0,349,14,0,1,0,7,1,0,0
11,0,977,15,0,0,1,9,0,0,0
13,1,1047,10,1,0,1,5,1,0,0
9,0,1074,8,1,1,0,2,0,0,0
13,1,1148,12,0,0,1,4,0,0,0
1,1,888,12,0,1,1,3,1,0,0
11,0,1083,9,0,0,1,4,1,0,0
5,0,988,14,1,0,0,7,0,0,0
10,0,989,9,1,1,0,8,1,0,0
0,1,169,8,1,1,1,1,0,0,0
2,1,724,15,1,1,0,8,1,0,0
4,0,974,14,0,1,1,5,0,0,0
3,0,570,13,0,0,1,7,0,0,0
2,1,190,14,0,1,0,1,0,0,0
9,0,629,15,0,0,0,2,0,0,0
12,1,760,13,1,0,0,1,0,0,0
4,1,838,12,1,0,1,5,1,0,0
10,0,825,9,0,0,1,6,1,0,0
7,0,971,10,0,0,0,9,0,0,0
10,0,291,14,0,0,0,8,0,0,0
3,0,237,10,0,1,0,7,1,0,0
0,1,444,14,0,0,1,5,1,0,0
10,1,1108,12,1,0,1,3,1,0,0
6,1,602,9,1,0,1,9,1,0,0
7,0,302,8,0,1,0,5,1,0,0
2,1,672,8,0,1,0,3,0,0,0
5,0,291,8,0,0,1,3,0,0,0
1,0,104,14,1,1,0,3,1,0,0
6,0,410,14,1,0,0,6,1,0,0
14,0,648,10,1,1,0,1,1,0,0
7,0,155,9,0,0,0,4,1,0,0
5,0,542,15,1,1,1,8,1,0,0
5,1,969,14,0,1,0,3,1,0,0
4,0,684,9,1,1,1,5,1,0,0
7,1,851,10,1,0,1,2,1,0,0
0,1,459,14,1,0,0,2,1,0,0
9,0,918,8,0,0,1,7,0,0,0
3,0,129,8,0,1,1,3,1,0,0
14,0,207,12,1,1,0,5,1,0,0
3,1,943,13,0,0,1,3,0,0,0
2,0,816,11,0,1,1,6,0,0,0
2,1,990,15,0,0,1,3,0,0,0
3,0,1059,13,0,0,1,8,1,0,0
10,0,992,14,0,0,1,2,1,0,0
0,1,831,9,0,0,1,3,1,0,0
13,1,705,14,0,1,1,8,1,0,0
10,0,556,9,1,1,1,8,0,0,0
12,1,714,9,0,1,0,1,1,0,0
10,1,797,13,0,0,0,8,1,0,0
1,1,773,11,1,1,0,2,0,0,0
8,1,642,12,1,0,1,7,1,0,0
9,1,956,13,1,0,1,6,1,0,0
1,0,996,11,1,0,1,2,1,0,0
4,0,377,8,0,0,0,5,1,0,0
8,1,651,8,1,0,0,7,0,0,0
8,0,210,9,1,0,0,8,0,0,0
7,0,484,10,0,1,1,3,0,0,0
0,1,860,14,0,1,0,1,0,0,0
0,0,793,14,0,1,0,7,1,0,0
8,1,504,9,1,1,1,5,1,0,0
12,1,121,10,0,0,0,5,1,0,0
10,0,777,15,1,0,1,7,0,0,0
7,1,710,11,0,1,0,1,0,0,0
9,1,107,15,0,1,1,8,0,0,0
8,1,801,15,1,1,1,5,1,0,0
6,1,628,8,0,1,1,8,1,0,0
2,1,701,15,0,1,1,5,0,0,0
2,0,756,14,0,1,1,7,0,0,0
1,0,265,13,0,1,0,3,1,0,0
4,1,948,10,0,1,1,2,1,0,0
11,1,595,11,1,0,1,6,1,0,0
11,0,689,8,1,0,1,5,0,0,0
2,1,528,15,0,0,1,9,0,0,0
13,0,873,13,1,0,0,4,0,0,0
5,1,262,10,1,1,1,3,0,0,0
1,1,465,9,1,0,0,9,1,0,0
11,1,171,9,0,1,1,8,1,0,0
2,1,754,9,0,0,1,6,1,0,0
4,1,368,14,0,1,0,1,0,0,0
11,1,514,11,1,1,0,1,1,0,0
10,1,1115,9,1,0,0,6,1,0,0
10,0,774,14,0,0,1,3,1,0,0
0,0,1183,12,0,1,0,3,1,0,0
12,0,105,14,1,1,1,6,1,0,0
0,1,1081,8,1,1,0,3,0,0,0
9,1,669,14,0,0,0,6,1,0,0
8,1,506,11,1,0,1,5,1,0,0
6,1,125,13,1,1,0,4,0,0,0
0,1,1128,15,1,0,0,8,0,0,0
14,1,1085,14,1,1,1,2,1,0,0
11,1,489,9,1,0,1,7,1,0,0
13,0,809,8,1,0,1,4,1,0,0
7,1,670,10,1,0,0,2,1,0,0
2,0,853,9,0,0,0,7,0,0,0
7,0,245,8,0,0,0,1,1,0,0
14,1,884,12,1,1,0,4,0,0,0
4,1,625,15,1,1,0,9,1,0,0
0,0,112,10,1,0,1,4,1,0,0
6,0,1002,12,0,1,0,3,1,0,0
4,1,483,13,0,1,1,2,0,0,0
5,1,655,8,1,0,0,3,1,0,0
5,0,986,12,0,1,1,1,1,0,0
7,1,118,15,1,0,0,8,0,0,0
8,1,674,15,1,1,0,1,1,0,0
1,1,850,13,1,1,1,3,0,0,0
8,0,1103,15,1,1,0,3,1,0,0
11,0,518,8,1,1,1,2,0,0,0
14,0,518,8,1,1,0,5,0,0,0
10,1,221,15,1,1,0,3,0,0,0
9,1,531,12,0,1,1,3,1,0,0
8,0,143,8,1,0,0,8,0,0,0
12,0,480,9,0,0,1,4,0,0,0
9,0,244,15,1,0,0,4,1,0,0
14,1,462,8,1,0,0,3,0,0,0
9,0,1173,11,0,1,0,1,1,0,0
6,0,1188,13,0,1,0,8,1,0,0
0,1,454,15,1,1,0,1,0,0,0
6,1,899,8,0,0,0,7,0,0,0
9,1,925,11,1,0,0,5,1,0,0
4,0,497,8,1,0,1,4,0,0,0
5,1,979,8,0,1,0,4,0,0,0
9,1,562,12,0,0,0,8,0,0,0
6,0,907,9,0,1,0,6,0,0,0
13,1,286,15,0,0,1,1,1,0,0
14,0,831,13,1,1,1,8,1,0,0
4,0,528,15,0,0,0,2,0,0,0
6,1,957,9,0,1,0,6,1,0,0
8,1,336,10,0,0,0,9,0,0,0
2,1,870,12,0,0,1,1,0,0,0
7,1,857,12,0,1,0,6,0,0,0
1,1,235,9,1,1,1,8,0,0,0
10,1,891,14,1,0,0,2,1,0,0
6,0,270,12,0,1,1,5,0,0,0
12,0,258,15,0,0,1,6,1,0,0
1,1,300,9,1,1,0,5,0,0,0
14,0,1061,12,0,0,0,3,1,0,0
13,1,682,8,1,1,0,4,1,0,0
3,0,975,9,1,0,0,7,1,0,0
6,0,470,9,0,0,0,4,1,0,0
2,0,202,15,1,0,0,9,0,0,0
1,1,1101,11,0,1,0,2,1,0,0
10,0,1075,12,0,0,1,5,0,0,0
9,1,897,12,1,1,0,8,1,0,0
6,0,757,9,1,1,0,5,1,0,0
0,0,981,8,0,1,1,8,1,0,0
13,0,832,8,1,0,0,8,0,0,0
14,0,522,13,0,1,0,9,1,0,0
7,0,671,8,1,1,0,6,0,0,0
2,1,270,12,1,1,0,4,0,0,0
11,1,272,14,0,0,1,3,0,0,0
11,0,762,11,0,1,1,5,1,0,0
12,0,552,9,0,1,0,6,1,0,0
1,0,449,10,1,1,0,3,1,0,0
2,0,593,11,0,1,1,2,1,0,0
4,1,719,15,0,0,0,7,1,0,0
10,0,1127,15,1,0,1,5,1,0,0
7,1,1018,14,1,1,1,9,1,0,0
9,0,105,10,0,1,1,3,0,0,0
6,1,387,11,0,1,0,8,1,0,0
6,0,707,8,0,1,0,6,0,0,0
11,0,556,12,0,0,0,4,0,0,0
6,1,1129,14,1,0,1,9,1,0,0
14,0,723,10,1,0,0,5,1,0,0
7,0,475,14,0,0,0,6,0,0,0
0,0,546,11,0,1,1,9,0,0,0
3,1,934,12,0,1,0,7,1,0,0
12,0,910,14,1,0,0,5,0,0,0
5,0,1058,10,0,0,0,2,0,0,0
8,1,948,9,0,1,1,4,0,0,0
12,1,908,11,1,1,0,2,0,0,0
1,1,1078,9,1,1,1,3,1,0,0
0,0,515,8,0,1,1,3,1,0,0
12,0,825,9,0,1,1,4,0,0,0
9,0,553,9,1,0,0,6,0,0,0
11,1,249,13,0,0,0,3,0,0,0
13,0,858,11,0,1,0,1,1,0,0
1,0,878,8,1,1,1,1,1,0,0
6,1,1072,9,1,0,1,9,0,0,0
2,1,862,15,1,1,0,9,0,0,0
9,1,1101,12,0,0,1,5,0,0,0
1,1,175,10,1,0,0,9,1,0,0
13,1,698,9,1,0,0,7,0,0,0
10,0,324,8,0,0,0,9,0,0,0
6,1,212,9,0,1,0,7,0,0,0
12,0,350,10,1,1,0,9,0,0,0
12,0,940,8,1,0,0,2,0,0,0
1,1,813,11,0,1,0,8,1,0,0
2,1,224,8,0,1,1,7,1,0,0
10,1,1192,11,1,1,0,6,1,0,0
6,0,1170,8,1,1,1,5,0,0,0
13,1,983,15,0,0,1,4,1,0,0
3,1,129,14,1,1,0,7,0,0,0
12,1,380,10,0,0,1,3,1,0,0
13,1,1023,10,1,0,1,8,1,0,0
0,1,467,8,0,1,1,2,0,0,0
12,0,594,14,0,0,0,1,0,0,0
13,0,1148,9,1,1,0,2,0,0,0
4,0,817,10,1,1,0,9,1,0,0
11,1,1116,15,0,0,0,5,0,0,0
8,1,705,11,1,1,0,8,1,0,0
7,1,474,11,1,0,1,3,1,0,0
11,0,738,12,1,0,1,7,1,0,0
14,1,1148,13,0,1,0,2,0,0,0
34,11,25009,1,0,0,0,64,1,1,1
35,11,1094,1,0,0,0,93,1,1,1
39,14,42452,2,0,0,0,139,1,1,1
32,7,16100,2,0,0,0,91,1,1,1
63,3,33917,5,0,0,0,157,1,1,1
61,8,18430,5,0,0,0,161,1,1,1
65,10,36571,5,0,0,0,65,1,1,1
50,3,25974,4,0,0,0,142,1,1,1
53,4,32129,4,0,0,0,137,1,1,1
48,3,48234,2,0,0,0,94,1,1,1
22,7,21860,2,0,0,0,25,1,1,1
28,4,8276,5,0,0,0,40,1,1,1
30,12,1551,4,0,0,0,166,1,1,1
30,12,49248,3,0,0,0,122,1,1,1
44,6,9486,4,0,0,0,107,1,1,1
41,3,18527,2,0,0,0,118,1,1,1
61,9,10745,4,0,0,0,81,1,1,1
77,10,42128,2,0,0,0,126,1,1,1
65,7,13997,5,0,0,0,102,1,1,1
28,4,19330,5,0,0,0,171,1,1,1
39,10,41078,5,0,0,0,75,1,1,1
78,3,39585,3,0,0,0,181,1,1,1
40,9,25829,3,0,0,0,41,1,1,1
29,3,44336,2,0,0,0,87,1,1,1
41,14,9070,1,0,0,0,29,1,1,1
48,8,2320,3,0,0,0,85,1,1,1
28,8,24507,2,0,0,0,27,1,1,1
24,7,39921,4,0,0,0,142,1,1,1
59,4,7589,5,0,0,0,57,1,1,1
30,4,28459,5,0,0,0,142,1,1,1
20,11,16589,5,0,0,0,81,1,1,1
72,7,37375,2,0,0,0,175,1,1,1
61,7,44085,5,0,0,0,157,1,1,1
20,9,44200,3,0,0,0,64,1,1,1
77,8,34168,4,0,0,0,84,1,1,1
73,4,27732,5,0,0,0,86,1,1,1
58,13,32511,2,0,0,0,156,1,1,1
79,3,23426,4,0,0,0,152,1,1,1
65,7,31982,5,0,0,0,125,1,1,1
24,6,17746,1,0,0,0,157,1,1,1
68,14,29514,5,0,0,0,159,1,1,1
41,5,4851,3,0,0,0,101,1,1,1
45,4,20796,4,0,0,0,77,1,1,1
72,12,11498,3,0,0,0,168,1,1,1
25,4,33852,1,0,0,0,168,1,1,1
51,6,35592,1,0,0,0,150,1,1,1
67,4,45845,3,0,0,0,88,1,1,1
30,6,16930,4,0,0,0,108,1,1,1
29,5,46317,1,0,0,0,83,1,1,1
66,11,43881,1,0,0,0,196,1,1,1
58,9,48900,5,0,0,0,91,1,1,1
74,13,42590,2,0,0,0,36,1,1,1
53,14,22159,1,0,0,0,92,1,1,1
50,5,30536,4,0,0,0,179,1,1,1
31,10,25252,4,0,0,0,89,1,1,1
70,11,25003,5,0,0,0,132,1,1,1
63,9,41186,4,0,0,0,40,1,1,1
35,8,36139,5,0,0,0,154,1,1,1
57,6,40836,1,0,0,0,26,1,1,1
22,7,23205,1,0,0,0,130,1,1,1
21,10,31523,1,0,0,0,46,1,1,1
71,5,45627,1,0,0,0,27,1,1,1
24,4,8464,2,0,0,0,47,1,1,1
30,5,18110,2,0,0,0,66,1,1,1
77,14,47316,1,0,0,0,105,1,1,1
44,9,8121,4,0,0,0,29,1,1,1
54,10,10840,5,0,0,0,133,1,1,1
54,3,38080,3,0,0,0,52,1,1,1
41,9,41768,5,0,0,0,154,1,1,1
56,11,10461,3,0,0,0,150,1,1,1
41,14,21927,3,0,0,0,33,1,1,1
74,5,25398,1,0,0,0,191,1,1,1
30,5,34086,3,0,0,0,65,1,1,1
51,10,16329,1,0,0,0,80,1,1,1
54,6,16791,2,0,0,0,183,1,1,1
50,10,15372,4,0,0,0,32,1,1,1
64,7,49703,3,0,0,0,35,1,1,1
72,5,28354,4,0,0,0,152,1,1,1
27,6,49469,1,0,0,0,57,1,1,1
39,6,45018,3,0,0,0,197,1,1,1
61,10,22537,5,0,0,0,57,1,1,1
53,8,35370,2,0,0,0,122,1,1,1
23,9,26405,2,0,0,0,75,1,1,1
37,11,42815,3,0,0,0,82,1,1,1
70,8,24703,2,0,0,0,139,1,1,1
23,5,16234,5,0,0,0,67,1,1,1
39,5,8532,4,0,0,0,124,1,1,1
77,13,41134,5,0,0,0,78,1,1,1
28,5,36416,2,0,0,0,96,1,1,1
35,14,7903,4,0,0,0,191,1,1,1
45,12,19242,5,0,0,0,146,1,1,1
57,4,14788,1,0,0,0,74,1,1,1
44,3,36249,1,0,0,0,74,1,1,1
23,13,35588,4,0,0,0,148,1,1,1
60,12,30513,4,0,0,0,155,1,1,1
78,3,44039,4,0,0,0,146,1,1,1
64,6,20542,1,0,0,0,151,1,1,1
60,5,33294,5,0,0,0,104,1,1,1
57,7,4684,4,0,0,0,134,1,1,1
72,14,24795,1,0,0,0,77,1,1,1
38,11,4651,4,0,0,0,56,1,1,1
33,14,11431,4,0,0,0,68,1,1,1
40,10,11131,4,0,0,0,86,1,1,1
34,14,25091,1,0,0,0,38,1,1,1
22,11,25845,5,0,0,0,148,1,1,1
56,7,25491,1,0,0,0,48,1,1,1
72,10,5830,1,0,0,0,106,1,1,1
69,6,29640,4,0,0,0,52,1,1,1
65,7,8334,3,0,0,0,138,1,1,1
35,14,48387,3,0,0,0,199,1,1,1
33,5,10304,3,0,0,0,188,1,1,1
28,7,48647,1,0,0,0,170,1,1,1
66,14,18032,4,0,0,0,152,1,1,1
26,5,26755,3,0,0,0,90,1,1,1
33,7,48353,2,0,0,0,153,1,1,1
25,13,1016,2,0,0,0,196,1,1,1
40,7,9308,2,0,0,0,41,1,1,1
34,8,30654,5,0,0,0,96,1,1,1
71,11,40244,4,0,0,0,23,1,1,1
27,3,6942,1,0,0,0,91,1,1,1
53,14,3693,1,0,0,0,184,1,1,1
59,12,16562,4,0,0,0,178,1,1,1
20,8,7259,5,0,0,0,184,1,1,1
51,3,49347,4,0,0,0,147,1,1,1
77,8,43236,5,0,0,0,64,1,1,1
68,4,5942,3,0,0,0,155,1,1,1
70,10,48419,3,0,0,0,187,1,1,1
24,13,37556,5,0,0,0,112,1,1,1
49,5,1371,4,0,0,0,24,1,1,1
41,12,28383,3,0,0,0,175,1,1,1
39,8,24404,4,0,0,0,123,1,1,1
35,8,8120,3,0,0,0,100,1,1,1
26,6,6702,4,0,0,0,106,1,1,1
26,7,9347,4,0,0,0,156,1,1,1
69,4,36429,2,0,0,0,149,1,1,1
69,12,40419,5,0,0,0,82,1,1,1
21,12,26040,1,0,0,0,70,1,1,1
66,10,38646,5,0,0,0,135,1,1,1
33,12,46859,4,0,0,0,132,1,1,1
50,9,38083,4,0,0,0,50,1,1,1
69,12,23542,5,0,0,0,26,1,1,1
60,8,43733,4,0,0,0,177,1,1,1
33,9,9308,3,0,0,0,22,1,1,1
24,14,40242,4,0,0,0,70,1,1,1
30,3,35142,5,0,0,0,75,1,1,1
59,7,45163,5,0,0,0,92,1,1,1
24,9,31690,5,0,0,0,29,1,1,1
48,3,8393,2,0,0,0,80,1,1,1
30,4,5403,2,0,0,0,69,1,1,1
24,11,4546,2,0,0,0,141,1,1,1
68,14,37745,2,0,0,0,194,1,1,1
73,5,29893,2,0,0,0,20,1,1,1
51,8,10388,2,0,0,0,57,1,1,1
55,9,42756,2,0,0,0,98,1,1,1
34,11,37660,5,0,0,0,108,1,1,1
38,7,24708,1,0,0,0,101,1,1,1
41,6,25726,2,0,0,0,86,1,1,1
53,13,15008,5,0,0,0,36,1,1,1
75,14,37017,1,0,0,0,146,1,1,1
36,4,1111,2,0,0,0,131,1,1,1
31,5,18545,1,0,0,0,155,1,1,1
44,7,41168,1,0,0,0,79,1,1,1
75,13,3379,3,0,0,0,59,1,1,1
36,4,31237,4,0,0,0,108,1,1,1
29,6,46948,3,0,0,0,60,1,1,1
47,3,22810,1,0,0,0,159,1,1,1
76,6,42120,5,0,0,0,134,1,1,1
37,9,18809,2,0,0,0,119,1,1,1
70,14,9469,4,0,0,0,136,1,1,1
37,5,28967,2,0,0,0,108,1,1,1
64,12,10748,5,0,0,0,112,1,1,1
51,10,24424,4,0,0,0,158,1,1,1
33,8,21976,3,0,0,0,79,1,1,1
75,8,24914,1,0,0,0,87,1,1,1
35,3,31067,5,0,0,0,97,1,1,1
69,7,43875,1,0,0,0,65,1,1,1
77,5,13942,1,0,0,0,57,1,1,1
37,12,20491,2,0,0,0,36,1,1,1
35,3,5533,5,0,0,0,85,1,1,1
36,10,24583,1,0,0,0,55,1,1,1
26,9,38049,3,0,0,0,93,1,1,1
31,9,28821,4,0,0,0,26,1,1,1
53,14,31261,5,0,0,0,35,1,1,1
29,12,38536,2,0,0,0,33,1,1,1
24,12,30945,5,0,0,0,99,1,1,1
40,12,18384,2,0,0,0,44,1,1,1
22,6,29410,4,0,0,0,124,1,1,1
38,13,13198,3,0,0,0,23,1,1,1
64,8,30354,1,0,0,0,176,1,1,1
63,11,8169,5,0,0,0,146,1,1,1
54,5,41129,2,0,0,0,75,1,1,1
25,11,32909,4,0,0,0,25,1,1,1
33,6,4830,1,0,0,0,148,1,1,1
23,7,22404,4,0,0,0,186,1,1,1
64,9,28757,3,0,0,0,148,1,1,1
70,8,36650,1,0,0,0,134,1,1,1
37,12,34766,1,0,0,0,76,1,1,1
48,10,16942,1,0,0,0,84,1,1,1
54,10,33419,2,0,0,0,84,1,1,1
71,10,17668,1,0,0,0,122,1,1,1
57,5,17246,4,0,0,0,40,1,1,1
35,12,25996,2,0,0,0,177,1,1,1
39,8,4065,1,0,0,0,52,1,1,1
43,9,11467,4,0,0,0,195,1,1,1
54,11,45844,4,0,0,0,41,1,1,1
63,12,22007,5,0,0,0,129,1,1,1
70,12,3543,4,0,0,0,23,1,1,1
38,14,29702,3,0,0,0,191,1,1,1
75,6,29833,1,0,0,0,159,1,1,1
23,7,11033,1,0,0,0,93,1,1,1
52,10,35169,1,0,0,0,138,1,1,1
21,3,17829,4,0,0,0,199,1,1,1
32,14,5522,4,0,0,0,112,1,1,1
77,8,21151,1,0,0,0,84,1,1,1
64,6,36319,2,0,0,0,84,1,1,1
49,7,27543,2,0,0,0,29,1,1,1
53,13,38584,3,0,0,0,165,1,1,1
49,7,31473,5,0,0,0,66,1,1,1
70,4,8699,3,0,0,0,85,1,1,1
73,10,3629,1,0,0,0,68,1,1,1
43,4,41455,1,0,0,0,41,1,1,1
67,6,11156,1,0,0,0,105,1,1,1
63,14,18441,5,0,0,0,45,1,1,1
52,7,31716,4,0,0,0,156,1,1,1
60,3,7834,5,0,0,0,168,1,1,1
68,8,19179,3,0,0,0,114,1,1,1
29,4,27219,4,0,0,0,126,1,1,1
37,7,38617,4,0,0,0,153,1,1,1
38,8,16782,3,0,0,0,33,1,1,1
26,13,16827,4,0,0,0,180,1,1,1
76,10,10431,2,0,0,0,90,1,1,1
38,11,37918,3,0,0,0,171,1,1,1
43,14,45057,3,0,0,0,94,1,1,1
34,8,10496,2,0,0,0,139,1,1,1
60,7,24331,5,0,0,0,131,1,1,1
61,14,40238,5,0,0,0,70,1,1,1
42,6,47025,5,0,0,0,149,1,1,1
71,4,24563,4,0,0,0,162,1,1,1
71,4,4712,2,0,0,0,182,1,1,1
23,9,29531,3,0,0,0,55,1,1,1
57,7,46489,3,0,0,0,137,1,1,1
23,9,33664,3,0,0,0,186,1,1,1
24,13,46263,4,0,0,0,23,1,1,1
60,3,13420,4,0,0,0,25,1,1,1
63,3,6315,5,0,0,0,177,1,1,1
42,7,6381,4,0,0,0,129,1,1,1
59,4,10497,5,0,0,0,118,1,1,1
72,10,30040,5,0,0,0,141,1,1,1
56,5,33375,3,0,0,0,136,1,1,1
30,3,14494,4,0,0,0,115,1,1,1
74,4,32752,5,0,0,0,86,1,1,1
30,12,26357,2,0,0,0,139,1,1,1
32,12,17950,2,0,0,0,34,1,1,1
33,9,16752,4,0,0,0,36,1,1,1
79,8,38390,3,0,0,0,37,1,1,1
27,14,5132,3,0,0,0,134,1,1,1
44,10,42598,5,0,0,0,166,1,1,1
37,9,29276,4,0,0,0,95,1,1,1
70,12,40763,2,0,0,0,107,1,1,1
63,10,21551,5,0,0,0,171,1,1,1
63,5,27975,5,0,0,0,110,1,1,1
37,8,3670,1,0,0,0,67,1,1,1
29,9,10364,4,0,0,0,177,1,1,1
26,12,27296,5,0,0,0,34,1,1,1
79,13,25680,2,0,0,0,194,1,1,1
69,3,19066,1,0,0,0,142,1,1,1
63,3,29892,2,0,0,0,146,1,1,1
33,9,11041,3,0,0,0,191,1,1,1
34,13,10054,1,0,0,0,117,1,1,1
35,5,12637,1,0,0,0,174,1,1,1
21,5,11757,5,0,0,0,103,1,1,1
49,7,42258,3,0,0,0,60,1,1,1
49,13,28484,5,0,0,0,115,1,1,1
37,8,13329,4,0,0,0,87,1,1,1
50,4,34538,2,0,0,0,24,1,1,1
63,5,28115,2,0,0,0,72,1,1,1
67,8,27038,5,0,0,0,141,1,1,1
32,5,37622,2,0,0,0,155,1,1,1
39,7,36886,2,0,0,0,41,1,1,1
68,11,10901,4,0,0,0,125,1,1,1
69,14,18374,3,0,0,0,26,1,1,1
54,5,47290,1,0,0,0,169,1,1,1
42,14,33806,5,0,0,0,65,1,1,1
61,13,18659,5,0,0,0,49,1,1,1
52,8,49770,4,0,0,0,145,1,1,1
57,13,24453,4,0,0,0,120,1,1,1
54,7,31498,1,0,0,0,163,1,1,1
70,7,5857,3,0,0,0,98,1,1,1
55,13,17312,5,0,0,0,152,1,1,1
39,8,2436,4,0,0,0,86,1,1,1
74,8,28569,5,0,0,0,42,1,1,1
22,3,25949,2,0,0,0,93,1,1,1
27,13,8693,5,0,0,0,24,1,1,1
59,11,46986,3,0,0,0,170,1,1,1
78,7,38019,3,0,0,0,101,1,1,1
51,3,10305,5,0,0,0,44,1,1,1
48,10,33646,2,0,0,0,27,1,1,1
26,9,28302,3,0,0,0,168,1,1,1
21,9,11590,4,0,0,0,21,1,1,1
40,7,41430,5,0,0,0,41,1,1,1
25,3,4123,2,0,0,0,91,1,1,1
47,11,5158,4,0,0,0,106,1,1,1
67,13,9700,5,0,0,0,91,1,1,1
61,11,11531,2,0,0,0,87,1,1,1
55,10,28738,4,0,0,0,83,1,1,1
51,7,10879,3,0,0,0,113,1,1,1
64,5,6543,5,0,0,0,38,1,1,1
61,10,47748,5,0,0,0,147,1,1,1
72,3,48924,3,0,0,0,106,1,1,1
65,5,43348,1,0,0,0,101,1,1,1
28,14,19581,4,0,0,0,106,1,1,1
30,13,37679,3,0,0,0,116,1,1,1
42,9,14582,5,0,0,0,71,1,1,1
69,6,44888,4,0,0,0,194,1,1,1
30,9,31276,4,0,0,0,101,1,1,1
68,14,39003,1,0,0,0,191,1,1,1
21,13,5799,5,0,0,0,116,1,1,1
22,7,26091,2,0,0,0,154,1,1,1
30,8,29234,1,0,0,0,134,1,1,1
69,9,47993,1,0,0,0,111,1,1,1
78,12,25605,2,0,0,0,20,1,1,1
54,14,37534,2,0,0,0,82,1,1,1
77,9,32668,1,0,0,0,186,1,1,1
34,9,5111,4,0,0,0,38,1,1,1
62,9,25686,3,0,0,0,50,1,1,1
30,13,8015,3,0,0,0,96,1,1,1
50,9,7856,1,0,0,0,140,1,1,1
47,5,17490,4,0,0,0,43,1,1,1
47,14,36194,2,0,0,0,88,1,1,1
51,5,15497,1,0,0,0,180,1,1,1
44,9,24194,5,0,0,0,78,1,1,1
39,4,45104,4,0,0,0,133,1,1,1
47,4,6316,5,0,0,0,180,1,1,1
44,5,39130,5,0,0,0,179,1,1,1
30,6,5693,1,0,0,0,120,1,1,1
38,8,42758,4,0,0,0,188,1,1,1
47,10,30954,5,0,0,0,31,1,1,1
20,12,48901,4,0,0,0,138,1,1,1
78,12,22652,3,0,0,0,158,1,1,1
24,9,15178,5,0,0,0,116,1,1,1
29,6,44397,5,0,0,0,166,1,1,1
61,4,15751,4,0,0,0,76,1,1,1
65,4,1425,3,0,0,0,61,1,1,1
53,6,4044,5,0,0,0,117,1,1,1
55,8,12480,1,0,0,0,50,1,1,1
21,5,44874,4,0,0,0,199,1,1,1
37,8,39997,4,0,0,0,21,1,1,1
32,7,2239,5,0,0,0,185,1,1,1
70,7,7566,3,0,0,0,51,1,1,1
24,4,20775,5,0,0,0,157,1,1,1
39,10,37981,2,0,0,0,124,1,1,1
21,7,4006,5,0,0,0,155,1,1,1
30,13,8025,2,0,0,0,94,1,1,1
49,4,20423,1,0,0,0,124,1,1,1
51,9,40326,4,0,0,0,167,1,1,1
51,11,26174,4,0,0,0,167,1,1,1
77,11,27663,3,0,0,0,146,1,1,1
69,3,34952,5,0,0,0,28,1,1,1
57,9,28326,1,0,0,0,34,1,1,1
74,11,32139,2,0,0,0,116,1,1,1
47,8,48198,3,0,0,0,124,1,1,1
29,3,9102,1,0,0,0,82,1,1,1
41,4,47637,1,0,0,0,40,1,1,1
74,6,8116,2,0,0,0,24,1,1,1
36,6,13937,2,0,0,0,144,1,1,1
41,4,31161,4,0,0,0,182,1,1,1
62,10,5383,5,0,0,0,104,1,1,1
38,4,21320,3,0,0,0,132,1,1,1
36,5,5507,5,0,0,0,195,1,1,1
43,6,15735,3,0,0,0,99,1,1,1
55,11,30713,1,0,0,0,135,1,1,1
51,12,17519,2,0,0,0,182,1,1,1
77,3,3025,2,0,0,0,116,1,1,1
75,10,20919,1,0,0,0,40,1,1,1
77,14,38622,1,0,0,0,99,1,1,1
65,7,39135,3,0,0,0,58,1,1,1
78,9,36658,1,0,0,0,181,1,1,1
71,10,20141,3,0,0,0,140,1,1,1
55,7,30696,5,0,0,0,143,1,1,1
47,10,4773,2,0,0,0,162,1,1,1
33,12,25956,2,0,0,0,25,1,1,1
77,13,16819,2,0,0,0,75,1,1,1
55,10,2528,5,0,0,0,68,1,1,1
25,11,21955,5,0,0,0,111,1,1,1
28,4,45588,4,0,0,0,148,1,1,1
40,5,6049,3,0,0,0,84,1,1,1
31,3,34616,3,0,0,0,47,1,1,1
77,6,21511,4,0,0,0,119,1,1,1
49,7,11119,2,0,0,0,167,1,1,1
50,13,11357,3,0,0,0,195,1,1,1
59,3,17167,3,0,0,0,91,1,1,1
75,10,46246,2,0,0,0,84,1,1,1
23,4,23253,1,0,0,0,70,1,1,1
50,3,35889,1,0,0,0,190,1,1,1
46,4,46678,4,0,0,0,68,1,1,1
77,7,30798,5,0,0,0,172,1,1,1
76,11,5681,3,0,0,0,93,1,1,1
44,11,15755,3,0,0,0,188,1,1,1
24,4,1472,4,0,0,0,31,1,1,1
25,4,33881,4,0,0,0,123,1,1,1
24,5,14690,3,0,0,0,100,1,1,1
70,9,26912,2,0,0,0,146,1,1,1
46,13,7473,2,0,0,0,33,1,1,1
27,5,42298,5,0,0,0,53,1,1,1
28,3,19669,3,0,0,0,67,1,1,1
34,8,34964,3,0,0,0,80,1,1,1
55,5,17462,3,0,0,0,54,1,1,1
76,3,21943,3,0,0,0,138,1,1,1
60,6,39785,4,0,0,0,84,1,1,1
26,3,36420,1,0,0,0,78,1,1,1
51,3,11832,3,0,0,0,55,1,1,1
27,14,6385,1,0,0,0,166,1,1,1
66,4,31362,2,0,0,0,61,1,1,1
70,12,15708,5,0,0,0,88,1,1,1
34,10,24438,2,0,0,0,166,1,1,1
56,4,18211,3,0,0,0,126,1,1,1
38,13,15571,2,0,0,0,58,1,1,1
58,4,22307,4,0,0,0,88,1,1,1
25,13,12002,1,0,0,0,199,1,1,1
78,13,37153,3,0,0,0,31,1,1,1
38,12,23440,4,0,0,0,102,1,1,1
76,12,2965,1,0,0,0,194,1,1,1
47,10,33556,4,0,0,0,55,1,1,1
36,14,3427,2,0,0,0,145,1,1,1
61,8,36609,3,0,0,0,82,1,1,1
38,14,26189,2,0,0,0,95,1,1,1
50,13,26138,5,0,0,0,101,1,1,1
30,6,7563,3,0,0,0,70,1,1,1
34,5,15387,2,0,0,0,62,1,1,1
29,3,6840,3,0,0,0,53,1,1,1
62,13,16154,1,0,0,0,116,1,1,1
42,5,25194,3,0,0,0,68,1,1,1
22,14,47861,3,0,0,0,165,1,1,1
22,11,23448,1,0,0,0,144,1,1,1
37,7,31924,2,0,0,0,76,1,1,1
44,8,24528,3,0,0,0,112,1,1,1
62,7,30402,4,0,0,0,128,1,1,1
39,3,5352,3,0,0,0,24,1,1,1
77,12,1184,2,0,0,0,43,1,1,1
48,3,11384,1,0,0,0,78,1,1,1
41,6,15319,2,0,0,0,57,1,1,1
69,5,21449,5,0,0,0,180,1,1,1
76,13,42205,3,0,0,0,29,1,1,1
34,10,11426,3,0,0,0,184,1,1,1
58,14,8504,1,0,0,0,145,1,1,1
29,14,34368,3,0,0,0,30,1,1,1
40,9,41572,4,0,0,0,43,1,1,1
74,13,47017,4,0,0,0,107,1,1,1
71,9,39305,2,0,0,0,133,1,1,1
48,10,33094,1,0,0,0,40,1,1,1
51,12,15685,5,0,0,0,167,1,1,1
29,9,9724,2,0,0,0,29,1,1,1
32,12,6084,1,0,0,0,194,1,1,1
66,4,35810,1,0,0,0,194,1,1,1
42,6,17741,2,0,0,0,162,1,1,1
69,13,17761,2,0,0,0,191,1,1,1
42,8,14336,3,0,0,0,153,1,1,1
50,5,21872,5,0,0,0,85,1,1,1
23,5,14414,4,0,0,0,141,1,1,1
71,8,5797,3,0,0,0,151,1,1,1
68,3,4307,1,0,0,0,42,1,1,1
79,3,47489,5,0,0,0,32,1,1,1
22,7,33568,5,0,0,0,178,1,1,1
40,3,3596,2,0,0,0,35,1,1,1
72,12,18167,5,0,0,0,60,1,1,1
21,10,23308,5,0,0,0,20,1,1,1
23,4,25215,1,0,0,0,130,1,1,1
20,8,12795,3,0,0,0,31,1,1,1
34,12,15984,5,0,0,0,138,1,1,1
76,12,13134,2,0,0,0,197,1,1,1
52,7,11782,3,0,0,0,39,1,1,1
25,12,43002,2,0,0,0,55,1,1,1
26,14,22651,5,0,0,0,98,1,1,1
38,14,25022,3,0,0,0,185,1,1,1
63,6,19922,5,0,0,0,169,1,1,1
20,3,15618,1,0,0,0,127,1,1,1
58,5,18245,3,0,0,0,197,1,1,1
38,14,19260,2,0,0,0,115,1,1,1
64,6,11027,1,0,0,0,78,1,1,1
45,4,14986,4,0,0,0,39,1,1,1
63,14,46168,2,0,0,0,183,1,1,1
31,4,4526,5,0,0,0,145,1,1,1
41,4,27261,2,0,0,0,116,1,1,1
32,13,45361,4,0,0,0,162,1,1,1
47,3,2622,2,0,0,0,81,1,1,1
33,12,39286,1,0,0,0,150,1,1,1
41,4,30533,2,0,0,0,112,1,1,1
49,8,36425,3,0,0,0,110,1,1,1
63,5,19316,4,0,0,0,152,1,1,1
39,12,9699,2,0,0,0,142,1,1,1
63,7,14955,4,0,0,0,178,1,1,1
46,3,32543,1,0,0,0,105,1,1,1
57,10,36424,3,0,0,0,182,1,1,1
78,6,17673,5,0,0,0,137,1,1,1
61,11,24395,2,0,0,0,45,1,1,1
71,6,39626,1,0,0,0,137,1,1,1
75,4,24707,4,0,0,0,20,1,1,1
60,5,20213,4,0,0,0,26,1,1,1
53,7,11401,1,0,0,0,183,1,1,1
58,14,22196,2,0,0,0,95,1,1,1
